nodeIndex,speed_norm,jf_norm,conf,sin_hour,cos_hour,sin_dow,cos_dow,is_weekend
0,0.76470584,0.2,0.7,-0.7163019,0.69779044,-0.7818315,0.6234898,1.0
1,0.0,0.0,0.0,0.0,0.0,0.0,0.0,0.0
2,1.6470588,0.0,0.7,-0.7163019,0.69779044,-0.7818315,0.6234898,1.0
3,0.70454556,0.2,0.89,-0.7163019,0.69779044,-0.7818315,0.6234898,1.0
4,1.3214285,0.0,0.82,-0.7163019,0.69779044,-0.7818315,0.6234898,1.0
5,0.0,0.0,0.0,0.0,0.0,0.0,0.0,0.0
6,1.0666666,0.0,0.7,-0.7163019,0.69779044,-0.7818315,0.6234898,1.0
7,0.0,0.0,0.0,0.0,0.0,0.0,0.0,0.0
8,0.7666666,0.12,0.86,-0.7163019,0.69779044,-0.7818315,0.6234898,1.0
9,0.0,0.0,0.0,0.0,0.0,0.0,0.0,0.0
10,1.0400001,0.0,0.94,-0.7163019,0.69779044,-0.7818315,0.6234898,1.0
11,0.61538464,0.23,0.77,-0.7163019,0.69779044,-0.7818315,0.6234898,1.0
12,0.9565217,0.05,0.7,-0.7163019,0.69779044,-0.7818315,0.6234898,1.0
13,0.7948718,0.18,0.7,-0.7163019,0.69779044,-0.7818315,0.6234898,1.0
14,0.0,0.0,0.0,0.0,0.0,0.0,0.0,0.0
15,0.7297297,0.15,0.81,-0.7163019,0.69779044,-0.7818315,0.6234898,1.0
16,0.962963,0.02,0.7,-0.7163019,0.69779044,-0.7818315,0.6234898,1.0
17,0.7,0.0,0.73,-0.7163019,0.69779044,-0.7818315,0.6234898,1.0
18,1.2666667,0.0,0.93,-0.7163019,0.69779044,-0.7818315,0.6234898,1.0
19,0.0,0.0,0.0,0.0,0.0,0.0,0.0,0.0
20,1.0,0.0,0.7,-0.7163019,0.69779044,-0.7818315,0.6234898,1.0
21,0.7777778,0.17,0.92,-0.7163019,0.69779044,-0.7818315,0.6234898,1.0
22,0.76923084,0.1,0.74,-0.7163019,0.69779044,-0.7818315,0.6234898,1.0
23,0.0,0.0,0.0,0.0,0.0,0.0,0.0,0.0
24,0.9130435,0.0,0.73,-0.7163019,0.69779044,-0.7818315,0.6234898,1.0
25,0.74358964,0.15,0.72,-0.7163019,0.69779044,-0.7818315,0.6234898,1.0
26,0.0,0.0,0.0,0.0,0.0,0.0,0.0,0.0
27,1.0,0.0,0.94,-0.7163019,0.69779044,-0.7818315,0.6234898,1.0
28,0.8958333,0.09,0.84,-0.7163019,0.69779044,-0.7818315,0.6234898,1.0
29,0.7352941,0.23,0.7,-0.7163019,0.69779044,-0.7818315,0.6234898,1.0
30,0.0,0.0,0.0,0.0,0.0,0.0,0.0,0.0
31,0.0,0.0,0.0,0.0,0.0,0.0,0.0,0.0
32,1.1999999,0.0,0.78,-0.7163019,0.69779044,-0.7818315,0.6234898,1.0
33,0.0,0.0,0.0,0.0,0.0,0.0,0.0,0.0
34,0.8333334,0.14,0.87,-0.7163019,0.69779044,-0.7818315,0.6234898,1.0
35,0.0,0.0,0.0,0.0,0.0,0.0,0.0,0.0
36,0.0,0.0,0.0,0.0,0.0,0.0,0.0,0.0
37,0.8055555,0.17,0.7,-0.7163019,0.69779044,-0.7818315,0.6234898,1.0
38,0.97619045,0.02,0.99,-0.7163019,0.69779044,-0.7818315,0.6234898,1.0
39,1.0,0.0,0.7,-0.7163019,0.69779044,-0.7818315,0.6234898,1.0
40,0.21739131,0.89,0.99,-0.7163019,0.69779044,-0.7818315,0.6234898,1.0
41,0.0,0.0,0.0,0.0,0.0,0.0,0.0,0.0
42,1.0,0.0,0.7,-0.7163019,0.69779044,-0.7818315,0.6234898,1.0
43,1.12,0.0,0.89,-0.7163019,0.69779044,-0.7818315,0.6234898,1.0
44,0.0,0.0,0.0,0.0,0.0,0.0,0.0,0.0
45,0.8518519,0.13,0.99,-0.7163019,0.69779044,-0.7818315,0.6234898,1.0
46,1.0,0.0,0.95,-0.7163019,0.69779044,-0.7818315,0.6234898,1.0
47,0.962963,0.03,0.7,-0.7163019,0.69779044,-0.7818315,0.6234898,1.0
48,0.29999998,0.27,0.99,-0.7163019,0.69779044,-0.7818315,0.6234898,1.0
49,0.0,0.0,0.0,0.0,0.0,0.0,0.0,0.0
50,0.8749999,0.1,0.97,-0.7163019,0.69779044,-0.7818315,0.6234898,1.0
51,0.9,0.09,0.86,-0.7163019,0.69779044,-0.7818315,0.6234898,1.0
52,0.0,0.0,0.0,0.0,0.0,0.0,0.0,0.0
53,0.0,0.0,0.0,0.0,0.0,0.0,0.0,0.0
54,1.2666667,0.0,0.91,-0.7163019,0.69779044,-0.7818315,0.6234898,1.0
55,0.48979592,0.39,0.9,-0.7163019,0.69779044,-0.7818315,0.6234898,1.0
56,1.34375,0.0,0.94,-0.7163019,0.69779044,-0.7818315,0.6234898,1.0
57,0.70967734,0.17,0.98,-0.7163019,0.69779044,-0.7818315,0.6234898,1.0
58,1.6511627,0.0,0.7,-0.7163019,0.69779044,-0.7818315,0.6234898,1.0
59,0.0,0.0,0.0,0.0,0.0,0.0,0.0,0.0
60,0.74285716,0.15,0.99,-0.7163019,0.69779044,-0.7818315,0.6234898,1.0
61,0.0,0.0,0.0,0.0,0.0,0.0,0.0,0.0
62,0.9736842,0.02,0.9,-0.7163019,0.69779044,-0.7818315,0.6234898,1.0
63,0.7380953,0.17,0.76,-0.7163019,0.69779044,-0.7818315,0.6234898,1.0
64,0.7741935,0.2,0.7,-0.7163019,0.69779044,-0.7818315,0.6234898,1.0
65,0.0,0.0,0.0,0.0,0.0,0.0,0.0,0.0
66,0.90624994,0.09,0.73,-0.7163019,0.69779044,-0.7818315,0.6234898,1.0
67,0.9333333,0.05,0.81,-0.7163019,0.69779044,-0.7818315,0.6234898,1.0
68,1.8399999,0.0,0.75,-0.7163019,0.69779044,-0.7818315,0.6234898,1.0
69,0.91176474,0.01,0.9,-0.7163019,0.69779044,-0.7818315,0.6234898,1.0
70,0.55263156,0.32,0.93,-0.7163019,0.69779044,-0.7818315,0.6234898,1.0
71,0.96000004,0.03,0.7,-0.7163019,0.69779044,-0.7818315,0.6234898,1.0
72,1.1304348,0.0,0.8,-0.7163019,0.69779044,-0.7818315,0.6234898,1.0
73,1.2,0.0,0.76,-0.7163019,0.69779044,-0.7818315,0.6234898,1.0
74,1.0,0.0,0.7,-0.7163019,0.69779044,-0.7818315,0.6234898,1.0
75,1.7666665,0.0,0.92,-0.7163019,0.69779044,-0.7818315,0.6234898,1.0
76,0.0,0.0,0.0,0.0,0.0,0.0,0.0,0.0
77,1.0365855,0.0,0.99,-0.7163019,0.69779044,-0.7818315,0.6234898,1.0
78,0.0,0.0,0.0,0.0,0.0,0.0,0.0,0.0
79,0.0,0.0,0.0,0.0,0.0,0.0,0.0,0.0
80,0.0,0.0,0.0,0.0,0.0,0.0,0.0,0.0
81,1.0,0.01,0.7,-0.7163019,0.69779044,-0.7818315,0.6234898,1.0
82,0.78000003,0.19,0.78,-0.7163019,0.69779044,-0.7818315,0.6234898,1.0
83,0.7708333,0.19,0.96,-0.7163019,0.69779044,-0.7818315,0.6234898,1.0
84,1.0,0.0,0.7,-0.7163019,0.69779044,-0.7818315,0.6234898,1.0
85,0.0,0.0,0.0,0.0,0.0,0.0,0.0,0.0
86,0.0,0.0,0.0,0.0,0.0,0.0,0.0,0.0
87,0.7692308,0.14,0.9,-0.7163019,0.69779044,-0.7818315,0.6234898,1.0
88,1.15,0.0,0.86,-0.7163019,0.69779044,-0.7818315,0.6234898,1.0
89,1.6046512,0.0,0.7,-0.7163019,0.69779044,-0.7818315,0.6234898,1.0
90,1.0,0.0,0.7,-0.7163019,0.69779044,-0.7818315,0.6234898,1.0
91,1.12,0.0,0.7,-0.7163019,0.69779044,-0.7818315,0.6234898,1.0
92,1.0,0.0,0.7,-0.7163019,0.69779044,-0.7818315,0.6234898,1.0
93,0.0,0.0,0.0,0.0,0.0,0.0,0.0,0.0
94,0.0,0.0,0.0,0.0,0.0,0.0,0.0,0.0
95,1.1111112,0.0,0.77,-0.7163019,0.69779044,-0.7818315,0.6234898,1.0
96,0.8181818,0.16,0.7,-0.7163019,0.69779044,-0.7818315,0.6234898,1.0
97,1.0217391,0.0,0.95,-0.7163019,0.69779044,-0.7818315,0.6234898,1.0
98,0.69230765,0.27,0.7,-0.7163019,0.69779044,-0.7818315,0.6234898,1.0
99,0.0,0.0,0.0,0.0,0.0,0.0,0.0,0.0
100,1.0,0.0,0.7,-0.7163019,0.69779044,-0.7818315,0.6234898,1.0
101,0.8999999,0.07,0.78,-0.7163019,0.69779044,-0.7818315,0.6234898,1.0
102,0.0,0.0,0.0,0.0,0.0,0.0,0.0,0.0
103,0.8181818,0.16,0.99,-0.7163019,0.69779044,-0.7818315,0.6234898,1.0
104,0.0,0.0,0.0,0.0,0.0,0.0,0.0,0.0
105,0.76470584,0.15,0.71,-0.7163019,0.69779044,-0.7818315,0.6234898,1.0
106,0.87999994,0.02,0.98,-0.7163019,0.69779044,-0.7818315,0.6234898,1.0
107,1.1800001,0.0,0.79,-0.7163019,0.69779044,-0.7818315,0.6234898,1.0
108,0.54838705,0.32,0.89,-0.7163019,0.69779044,-0.7818315,0.6234898,1.0
109,0.84999996,0.0,0.71,-0.7163019,0.69779044,-0.7818315,0.6234898,1.0
110,0.0,0.0,0.0,0.0,0.0,0.0,0.0,0.0
111,0.0,0.0,0.0,0.0,0.0,0.0,0.0,0.0
112,0.0,0.0,0.0,0.0,0.0,0.0,0.0,0.0
113,0.8999999,0.08,0.82,-0.7163019,0.69779044,-0.7818315,0.6234898,1.0
114,0.0,0.0,0.0,0.0,0.0,0.0,0.0,0.0
115,1.26,0.0,0.81,-0.7163019,0.69779044,-0.7818315,0.6234898,1.0
116,0.8999999,0.08,0.98,-0.7163019,0.69779044,-0.7818315,0.6234898,1.0
117,1.3333333,0.0,0.7,-0.7163019,0.69779044,-0.7818315,0.6234898,1.0
118,1.5200001,0.0,0.7,-0.7163019,0.69779044,-0.7818315,0.6234898,1.0
119,0.0,0.0,0.0,0.0,0.0,0.0,0.0,0.0
120,0.631579,0.26,0.9,-0.7163019,0.69779044,-0.7818315,0.6234898,1.0
121,0.0,0.0,0.0,0.0,0.0,0.0,0.0,0.0
122,1.0,0.01,0.8,-0.7163019,0.69779044,-0.7818315,0.6234898,1.0
123,0.0,0.0,0.0,0.0,0.0,0.0,0.0,0.0
124,0.71999997,0.24,0.97,-0.7163019,0.69779044,-0.7818315,0.6234898,1.0
125,0.9545455,0.04,0.7,-0.7163019,0.69779044,-0.7818315,0.6234898,1.0
126,0.631579,0.25,0.9,-0.7163019,0.69779044,-0.7818315,0.6234898,1.0
127,0.7741935,0.09,0.92,-0.7163019,0.69779044,-0.7818315,0.6234898,1.0
128,1.025,0.0,0.7,-0.7163019,0.69779044,-0.7818315,0.6234898,1.0
129,0.0,0.0,0.0,0.0,0.0,0.0,0.0,0.0
130,0.9705882,0.03,0.7,-0.7163019,0.69779044,-0.7818315,0.6234898,1.0
131,0.0,0.0,0.0,0.0,0.0,0.0,0.0,0.0
132,0.8999999,0.09,0.88,-0.7163019,0.69779044,-0.7818315,0.6234898,1.0
133,0.7,0.27,0.98,-0.7163019,0.69779044,-0.7818315,0.6234898,1.0
134,0.0,0.0,0.0,0.0,0.0,0.0,0.0,0.0
135,0.0,0.0,0.0,0.0,0.0,0.0,0.0,0.0
136,0.0,0.0,0.0,0.0,0.0,0.0,0.0,0.0
137,0.61764705,0.25,0.99,-0.7163019,0.69779044,-0.7818315,0.6234898,1.0
138,1.1,0.0,0.72,-0.7163019,0.69779044,-0.7818315,0.6234898,1.0
139,0.0,0.0,0.0,0.0,0.0,0.0,0.0,0.0
140,1.1777778,0.0,0.81,-0.7163019,0.69779044,-0.7818315,0.6234898,1.0
141,0.9583333,0.0,0.75,-0.7163019,0.69779044,-0.7818315,0.6234898,1.0
142,0.94285715,0.04,0.98,-0.7163019,0.69779044,-0.7818315,0.6234898,1.0
143,0.79591835,0.18,0.97,-0.7163019,0.69779044,-0.7818315,0.6234898,1.0
144,0.8717949,0.1,0.75,-0.7163019,0.69779044,-0.7818315,0.6234898,1.0
145,0.4883721,0.31,0.99,-0.7163019,0.69779044,-0.7818315,0.6234898,1.0
146,1.1999999,0.0,0.83,-0.7163019,0.69779044,-0.7818315,0.6234898,1.0
147,0.8125,0.15,0.7,-0.7163019,0.69779044,-0.7818315,0.6234898,1.0
148,0.0,0.0,0.0,0.0,0.0,0.0,0.0,0.0
149,1.0,0.0,0.92,-0.7163019,0.69779044,-0.7818315,0.6234898,1.0
150,0.0,0.0,0.0,0.0,0.0,0.0,0.0,0.0
151,0.7741935,0.1,0.88,-0.7163019,0.69779044,-0.7818315,0.6234898,1.0
152,0.6923077,0.18,0.97,-0.7163019,0.69779044,-0.7818315,0.6234898,1.0
153,0.0,0.0,0.0,0.0,0.0,0.0,0.0,0.0
154,0.8000001,0.18,0.75,-0.7163019,0.69779044,-0.7818315,0.6234898,1.0
155,0.35135135,0.31,0.99,-0.7163019,0.69779044,-0.7818315,0.6234898,1.0
156,0.91999996,0.0,0.89,-0.7163019,0.69779044,-0.7818315,0.6234898,1.0
157,0.724138,0.15,0.85,-0.7163019,0.69779044,-0.7818315,0.6234898,1.0
158,0.6206897,0.26,0.75,-0.7163019,0.69779044,-0.7818315,0.6234898,1.0
159,0.85714287,0.03,0.82,-0.7163019,0.69779044,-0.7818315,0.6234898,1.0
160,0.75757575,0.2,0.94,-0.7163019,0.69779044,-0.7818315,0.6234898,1.0
161,1.0416666,0.0,0.91,-0.7163019,0.69779044,-0.7818315,0.6234898,1.0
162,0.939394,0.06,0.7,-0.7163019,0.69779044,-0.7818315,0.6234898,1.0
163,1.2499999,0.0,0.7,-0.7163019,0.69779044,-0.7818315,0.6234898,1.0
164,0.0,0.0,0.0,0.0,0.0,0.0,0.0,0.0
165,0.5945946,0.28,0.99,-0.7163019,0.69779044,-0.7818315,0.6234898,1.0
166,0.0,0.0,0.0,0.0,0.0,0.0,0.0,0.0
167,0.65,0.23,0.89,-0.7163019,0.69779044,-0.7818315,0.6234898,1.0
168,0.6458334,0.25,0.82,-0.7163019,0.69779044,-0.7818315,0.6234898,1.0
169,1.0113636,0.0,0.99,-0.7163019,0.69779044,-0.7818315,0.6234898,1.0
170,0.5909091,0.37,0.85,-0.7163019,0.69779044,-0.7818315,0.6234898,1.0
171,0.9772728,0.02,0.7,-0.7163019,0.69779044,-0.7818315,0.6234898,1.0
172,0.0,0.0,0.0,0.0,0.0,0.0,0.0,0.0
173,0.0,0.0,0.0,0.0,0.0,0.0,0.0,0.0
174,0.7368421,0.24,0.7,-0.7163019,0.69779044,-0.7818315,0.6234898,1.0
175,1.0357141,0.0,0.78,-0.7163019,0.69779044,-0.7818315,0.6234898,1.0
176,0.825,0.15,0.71,-0.7163019,0.69779044,-0.7818315,0.6234898,1.0
177,0.0,0.0,0.0,0.0,0.0,0.0,0.0,0.0
178,0.724138,0.14,0.96,-0.7163019,0.69779044,-0.7818315,0.6234898,1.0
179,0.0,0.0,0.0,0.0,0.0,0.0,0.0,0.0
180,0.86956525,0.12,0.8,-0.7163019,0.69779044,-0.7818315,0.6234898,1.0
181,0.9387755,0.05,0.84,-0.7163019,0.69779044,-0.7818315,0.6234898,1.0
182,0.0,0.0,0.0,0.0,0.0,0.0,0.0,0.0
183,0.64285713,0.22,0.99,-0.7163019,0.69779044,-0.7818315,0.6234898,1.0
184,0.877551,0.11,0.7,-0.7163019,0.69779044,-0.7818315,0.6234898,1.0
185,0.37499997,0.11,0.98,-0.7163019,0.69779044,-0.7818315,0.6234898,1.0
186,0.0,0.0,0.0,0.0,0.0,0.0,0.0,0.0
187,1.0,0.01,0.7,-0.7163019,0.69779044,-0.7818315,0.6234898,1.0
188,0.92,0.05,0.88,-0.7163019,0.69779044,-0.7818315,0.6234898,1.0
189,0.75862074,0.11,0.98,-0.7163019,0.69779044,-0.7818315,0.6234898,1.0
190,0.9459459,0.05,0.98,-0.7163019,0.69779044,-0.7818315,0.6234898,1.0
191,0.7631578,0.13,0.93,-0.7163019,0.69779044,-0.7818315,0.6234898,1.0
192,0.8181818,0.14,0.98,-0.7163019,0.69779044,-0.7818315,0.6234898,1.0
193,0.79999995,0.18,0.73,-0.7163019,0.69779044,-0.7818315,0.6234898,1.0
194,1.0,0.0,0.7,-0.7163019,0.69779044,-0.7818315,0.6234898,1.0
195,0.0,0.0,0.0,0.0,0.0,0.0,0.0,0.0
196,1.0,0.0,0.7,-0.7163019,0.69779044,-0.7818315,0.6234898,1.0
197,0.0,0.0,0.0,0.0,0.0,0.0,0.0,0.0
198,0.81081086,0.16,0.74,-0.7163019,0.69779044,-0.7818315,0.6234898,1.0
199,0.9047619,0.08,0.88,-0.7163019,0.69779044,-0.7818315,0.6234898,1.0
200,0.80645156,0.1,0.76,-0.7163019,0.69779044,-0.7818315,0.6234898,1.0
201,1.0400001,0.0,0.72,-0.7163019,0.69779044,-0.7818315,0.6234898,1.0
202,0.0,0.0,0.0,0.0,0.0,0.0,0.0,0.0
203,0.0,0.0,0.0,0.0,0.0,0.0,0.0,0.0
204,0.87999994,0.02,0.86,-0.7163019,0.69779044,-0.7818315,0.6234898,1.0
205,0.7714286,0.14,0.99,-0.7163019,0.69779044,-0.7818315,0.6234898,1.0
206,0.5263158,0.27,0.88,-0.7163019,0.69779044,-0.7818315,0.6234898,1.0
207,1.0,0.0,0.75,-0.7163019,0.69779044,-0.7818315,0.6234898,1.0
208,0.0,0.0,0.0,0.0,0.0,0.0,0.0,0.0
209,0.0,0.0,0.0,0.0,0.0,0.0,0.0,0.0
210,0.7567568,0.15,0.93,-0.7163019,0.69779044,-0.7818315,0.6234898,1.0
211,1.0,0.0,0.92,-0.7163019,0.69779044,-0.7818315,0.6234898,1.0
212,1.08,0.0,0.86,-0.7163019,0.69779044,-0.7818315,0.6234898,1.0
213,0.0,0.0,0.0,0.0,0.0,0.0,0.0,0.0
214,0.30769232,0.31,0.89,-0.7163019,0.69779044,-0.7818315,0.6234898,1.0
215,0.8181818,0.17,0.87,-0.7163019,0.69779044,-0.7818315,0.6234898,1.0
216,0.7666666,0.2,0.89,-0.7163019,0.69779044,-0.7818315,0.6234898,1.0
217,0.8333334,0.08,0.99,-0.7163019,0.69779044,-0.7818315,0.6234898,1.0
218,0.962963,0.04,0.7,-0.7163019,0.69779044,-0.7818315,0.6234898,1.0
219,0.61538464,0.25,0.99,-0.7163019,0.69779044,-0.7818315,0.6234898,1.0
220,0.86,0.13,0.94,-0.7163019,0.69779044,-0.7818315,0.6234898,1.0
221,0.8409091,0.13,0.93,-0.7163019,0.69779044,-0.7818315,0.6234898,1.0
222,0.89285713,0.0,0.73,-0.7163019,0.69779044,-0.7818315,0.6234898,1.0
223,0.9565217,0.04,0.7,-0.7163019,0.69779044,-0.7818315,0.6234898,1.0
224,1.0,0.01,0.7,-0.7163019,0.69779044,-0.7818315,0.6234898,1.0
225,0.0,0.0,0.0,0.0,0.0,0.0,0.0,0.0
226,0.9318182,0.04,0.85,-0.7163019,0.69779044,-0.7818315,0.6234898,1.0
227,1.1,0.0,0.88,-0.7163019,0.69779044,-0.7818315,0.6234898,1.0
228,1.0294117,0.0,0.89,-0.7163019,0.69779044,-0.7818315,0.6234898,1.0
229,0.7291666,0.23,0.73,-0.7163019,0.69779044,-0.7818315,0.6234898,1.0
230,0.890625,0.09,0.97,-0.7163019,0.69779044,-0.7818315,0.6234898,1.0
231,1.0,0.0,0.7,-0.7163019,0.69779044,-0.7818315,0.6234898,1.0
232,0.9736842,0.01,0.85,-0.7163019,0.69779044,-0.7818315,0.6234898,1.0
233,1.1315789,0.0,0.87,-0.7163019,0.69779044,-0.7818315,0.6234898,1.0
234,0.875,0.02,0.81,-0.7163019,0.69779044,-0.7818315,0.6234898,1.0
235,0.0,0.0,0.0,0.0,0.0,0.0,0.0,0.0
236,1.0,0.0,0.7,-0.7163019,0.69779044,-0.7818315,0.6234898,1.0
237,0.71428573,0.23,0.9,-0.7163019,0.69779044,-0.7818315,0.6234898,1.0
238,0.87999994,0.09,0.87,-0.7163019,0.69779044,-0.7818315,0.6234898,1.0
239,0.0,0.0,0.0,0.0,0.0,0.0,0.0,0.0
240,0.0,0.0,0.0,0.0,0.0,0.0,0.0,0.0
241,0.8518519,0.04,0.83,-0.7163019,0.69779044,-0.7818315,0.6234898,1.0
242,0.0,0.0,0.0,0.0,0.0,0.0,0.0,0.0
243,1.06,0.0,0.7,-0.7163019,0.69779044,-0.7818315,0.6234898,1.0
244,0.909091,0.09,0.7,-0.7163019,0.69779044,-0.7818315,0.6234898,1.0
245,0.9642857,0.03,0.7,-0.7163019,0.69779044,-0.7818315,0.6234898,1.0
246,0.86956525,0.12,0.96,-0.7163019,0.69779044,-0.7818315,0.6234898,1.0
247,0.8333333,0.15,0.7,-0.7163019,0.69779044,-0.7818315,0.6234898,1.0
248,0.4333333,0.31,0.93,-0.7163019,0.69779044,-0.7818315,0.6234898,1.0
249,0.7777778,0.12,0.82,-0.7163019,0.69779044,-0.7818315,0.6234898,1.0
250,0.8333333,0.05,0.83,-0.7163019,0.69779044,-0.7818315,0.6234898,1.0
251,1.0799999,0.0,0.86,-0.7163019,0.69779044,-0.7818315,0.6234898,1.0
252,1.1071429,0.0,0.77,-0.7163019,0.69779044,-0.7818315,0.6234898,1.0
253,0.0,0.0,0.0,0.0,0.0,0.0,0.0,0.0
254,1.02,0.0,0.77,-0.7163019,0.69779044,-0.7818315,0.6234898,1.0
255,0.7209303,0.18,0.81,-0.7163019,0.69779044,-0.7818315,0.6234898,1.0
256,0.97142863,0.03,0.82,-0.7163019,0.69779044,-0.7818315,0.6234898,1.0
257,0.0,0.0,0.0,0.0,0.0,0.0,0.0,0.0
258,0.9333333,0.04,0.7,-0.7163019,0.69779044,-0.7818315,0.6234898,1.0
259,0.8478261,0.14,0.8,-0.7163019,0.69779044,-0.7818315,0.6234898,1.0
260,0.97959185,0.01,0.7,-0.7163019,0.69779044,-0.7818315,0.6234898,1.0
261,0.8333333,0.05,0.79,-0.7163019,0.69779044,-0.7818315,0.6234898,1.0
262,1.2,0.0,0.91,-0.7163019,0.69779044,-0.7818315,0.6234898,1.0
263,0.9354837,0.06,0.99,-0.7163019,0.69779044,-0.7818315,0.6234898,1.0
264,0.0,0.0,0.0,0.0,0.0,0.0,0.0,0.0
265,1.0256411,0.0,0.95,-0.7163019,0.69779044,-0.7818315,0.6234898,1.0
266,0.48387095,0.36,0.99,-0.7163019,0.69779044,-0.7818315,0.6234898,1.0
267,0.0,0.0,0.0,0.0,0.0,0.0,0.0,0.0
268,1.3,0.0,0.7,-0.7163019,0.69779044,-0.7818315,0.6234898,1.0
269,0.0,0.0,0.0,0.0,0.0,0.0,0.0,0.0
270,0.0,0.0,0.0,0.0,0.0,0.0,0.0,0.0
271,0.0,0.0,0.0,0.0,0.0,0.0,0.0,0.0
272,0.89285713,0.0,0.73,-0.7163019,0.69779044,-0.7818315,0.6234898,1.0
273,1.195122,0.0,0.94,-0.7163019,0.69779044,-0.7818315,0.6234898,1.0
274,1.2666667,0.0,0.9,-0.7163019,0.69779044,-0.7818315,0.6234898,1.0
275,0.91176474,0.08,0.95,-0.7163019,0.69779044,-0.7818315,0.6234898,1.0
276,1.0,0.0,0.7,-0.7163019,0.69779044,-0.7818315,0.6234898,1.0
277,0.91999996,0.0,0.73,-0.7163019,0.69779044,-0.7818315,0.6234898,1.0
278,0.62500006,0.25,0.92,-0.7163019,0.69779044,-0.7818315,0.6234898,1.0
279,1.0384616,0.0,0.87,-0.7163019,0.69779044,-0.7818315,0.6234898,1.0
280,0.9302326,0.06,0.99,-0.7163019,0.69779044,-0.7818315,0.6234898,1.0
281,0.8275863,0.05,0.97,-0.7163019,0.69779044,-0.7818315,0.6234898,1.0
282,0.0,0.0,0.0,0.0,0.0,0.0,0.0,0.0
283,0.0,0.0,0.0,0.0,0.0,0.0,0.0,0.0
284,1.0999999,0.0,0.84,-0.7163019,0.69779044,-0.7818315,0.6234898,1.0
285,1.0,0.0,0.7,-0.7163019,0.69779044,-0.7818315,0.6234898,1.0
286,0.91836727,0.08,0.9,-0.7163019,0.69779044,-0.7818315,0.6234898,1.0
287,0.0,0.0,0.0,0.0,0.0,0.0,0.0,0.0
288,0.0,0.0,0.0,0.0,0.0,0.0,0.0,0.0
289,0.0,0.0,0.0,0.0,0.0,0.0,0.0,0.0
290,0.5945946,0.28,0.75,-0.7163019,0.69779044,-0.7818315,0.6234898,1.0
291,0.93333334,0.05,0.78,-0.7163019,0.69779044,-0.7818315,0.6234898,1.0
292,0.0,0.0,0.0,0.0,0.0,0.0,0.0,0.0
293,0.92,0.07,0.96,-0.7163019,0.69779044,-0.7818315,0.6234898,1.0
294,0.80851066,0.17,0.83,-0.7163019,0.69779044,-0.7818315,0.6234898,1.0
295,0.89285713,0.0,0.73,-0.7163019,0.69779044,-0.7818315,0.6234898,1.0
296,0.8611112,0.12,0.96,-0.7163019,0.69779044,-0.7818315,0.6234898,1.0
297,0.82,0.15,0.97,-0.7163019,0.69779044,-0.7818315,0.6234898,1.0
298,1.0,0.0,0.7,-0.7163019,0.69779044,-0.7818315,0.6234898,1.0
299,0.82142854,0.06,0.78,-0.7163019,0.69779044,-0.7818315,0.6234898,1.0
300,0.0,0.0,0.0,0.0,0.0,0.0,0.0,0.0
301,0.92,0.06,0.92,-0.7163019,0.69779044,-0.7818315,0.6234898,1.0
302,0.0,0.0,0.0,0.0,0.0,0.0,0.0,0.0
303,1.16,0.0,0.92,-0.7163019,0.69779044,-0.7818315,0.6234898,1.0
304,0.0,0.0,0.0,0.0,0.0,0.0,0.0,0.0
305,0.93750006,0.0,0.9,-0.7163019,0.69779044,-0.7818315,0.6234898,1.0
306,1.0,0.0,0.93,-0.7163019,0.69779044,-0.7818315,0.6234898,1.0
307,0.0,0.0,0.0,0.0,0.0,0.0,0.0,0.0
308,0.82222223,0.15,0.7,-0.7163019,0.69779044,-0.7818315,0.6234898,1.0
309,0.6363637,0.22,0.99,-0.7163019,0.69779044,-0.7818315,0.6234898,1.0
310,1.0,0.0,0.7,-0.7163019,0.69779044,-0.7818315,0.6234898,1.0
311,0.9210526,0.06,0.92,-0.7163019,0.69779044,-0.7818315,0.6234898,1.0
312,0.79999995,0.17,0.77,-0.7163019,0.69779044,-0.7818315,0.6234898,1.0
313,1.0740741,0.0,0.99,-0.7163019,0.69779044,-0.7818315,0.6234898,1.0
314,1.0,0.0,0.7,-0.7163019,0.69779044,-0.7818315,0.6234898,1.0
315,1.0,0.0,0.7,-0.7163019,0.69779044,-0.7818315,0.6234898,1.0
316,0.0,0.0,0.0,0.0,0.0,0.0,0.0,0.0
317,1.0,0.0,0.7,-0.7163019,0.69779044,-0.7818315,0.6234898,1.0
318,0.8780488,0.11,0.7,-0.7163019,0.69779044,-0.7818315,0.6234898,1.0
319,0.0,0.0,0.0,0.0,0.0,0.0,0.0,0.0
320,0.8157895,0.15,0.83,-0.7163019,0.69779044,-0.7818315,0.6234898,1.0
321,0.6756757,0.22,0.97,-0.7163019,0.69779044,-0.7818315,0.6234898,1.0
322,0.9666665,0.01,0.86,-0.7163019,0.69779044,-0.7818315,0.6234898,1.0
323,0.75,0.22,0.7,-0.7163019,0.69779044,-0.7818315,0.6234898,1.0
324,0.88,0.1,0.9,-0.7163019,0.69779044,-0.7818315,0.6234898,1.0
325,0.6875,0.19,0.89,-0.7163019,0.69779044,-0.7818315,0.6234898,1.0
326,0.8125,0.17,0.85,-0.7163019,0.69779044,-0.7818315,0.6234898,1.0
327,1.0222223,0.0,0.7,-0.7163019,0.69779044,-0.7818315,0.6234898,1.0
328,0.5333333,0.33,0.91,-0.7163019,0.69779044,-0.7818315,0.6234898,1.0
329,0.9444445,0.05,0.99,-0.7163019,0.69779044,-0.7818315,0.6234898,1.0
330,0.0,0.0,0.0,0.0,0.0,0.0,0.0,0.0
331,1.9,0.0,0.73,-0.7163019,0.69779044,-0.7818315,0.6234898,1.0
332,0.92499995,0.06,0.93,-0.7163019,0.69779044,-0.7818315,0.6234898,1.0
333,0.55263156,0.32,0.82,-0.7163019,0.69779044,-0.7818315,0.6234898,1.0
334,0.97959185,0.03,0.72,-0.7163019,0.69779044,-0.7818315,0.6234898,1.0
335,1.1666666,0.0,0.71,-0.7163019,0.69779044,-0.7818315,0.6234898,1.0
336,0.70454556,0.25,0.98,-0.7163019,0.69779044,-0.7818315,0.6234898,1.0
337,0.70370376,0.26,0.7,-0.7163019,0.69779044,-0.7818315,0.6234898,1.0
338,0.6969697,0.18,0.73,-0.7163019,0.69779044,-0.7818315,0.6234898,1.0
339,0.7380953,0.16,0.85,-0.7163019,0.69779044,-0.7818315,0.6234898,1.0
340,0.0,0.0,0.0,0.0,0.0,0.0,0.0,0.0
341,0.71875,0.15,0.99,-0.7163019,0.69779044,-0.7818315,0.6234898,1.0
342,0.8484848,0.14,0.99,-0.7163019,0.69779044,-0.7818315,0.6234898,1.0
343,0.0,0.0,0.0,0.0,0.0,0.0,0.0,0.0
344,0.8918919,0.1,0.93,-0.7163019,0.69779044,-0.7818315,0.6234898,1.0
345,1.06,0.0,0.85,-0.7163019,0.69779044,-0.7818315,0.6234898,1.0
346,0.6904761,0.26,0.99,-0.7163019,0.69779044,-0.7818315,0.6234898,1.0
347,0.7105263,0.19,0.81,-0.7163019,0.69779044,-0.7818315,0.6234898,1.0
348,0.94,0.06,0.89,-0.7163019,0.69779044,-0.7818315,0.6234898,1.0
349,0.8333333,0.12,0.86,-0.7163019,0.69779044,-0.7818315,0.6234898,1.0
350,0.0,0.0,0.0,0.0,0.0,0.0,0.0,0.0
351,0.7249999,0.16,0.81,-0.7163019,0.69779044,-0.7818315,0.6234898,1.0
352,0.59999996,0.35,0.7,-0.7163019,0.69779044,-0.7818315,0.6234898,1.0
353,1.1,0.0,0.98,-0.7163019,0.69779044,-0.7818315,0.6234898,1.0
354,0.80645156,0.17,0.7,-0.7163019,0.69779044,-0.7818315,0.6234898,1.0
355,0.7105263,0.19,0.8,-0.7163019,0.69779044,-0.7818315,0.6234898,1.0
356,1.06,0.0,0.7,-0.7163019,0.69779044,-0.7818315,0.6234898,1.0
357,0.6666667,0.29,0.7,-0.7163019,0.69779044,-0.7818315,0.6234898,1.0
358,0.0,0.0,0.0,0.0,0.0,0.0,0.0,0.0
359,1.0,0.0,0.76,-0.7163019,0.69779044,-0.7818315,0.6234898,1.0
360,1.0,0.0,0.7,-0.7163019,0.69779044,-0.7818315,0.6234898,1.0
361,0.71428573,0.17,0.94,-0.7163019,0.69779044,-0.7818315,0.6234898,1.0
362,0.70967734,0.16,0.8,-0.7163019,0.69779044,-0.7818315,0.6234898,1.0
363,0.8157895,0.1,0.78,-0.7163019,0.69779044,-0.7818315,0.6234898,1.0
364,0.6470588,0.22,0.85,-0.7163019,0.69779044,-0.7818315,0.6234898,1.0
365,0.0,0.0,0.0,0.0,0.0,0.0,0.0,0.0
366,0.7027027,0.19,0.82,-0.7163019,0.69779044,-0.7818315,0.6234898,1.0
367,0.8043478,0.16,0.96,-0.7163019,0.69779044,-0.7818315,0.6234898,1.0
368,0.0,0.0,0.0,0.0,0.0,0.0,0.0,0.0
369,0.79545456,0.16,0.99,-0.7163019,0.69779044,-0.7818315,0.6234898,1.0
370,0.0,0.0,0.0,0.0,0.0,0.0,0.0,0.0
371,0.9333333,0.05,0.97,-0.7163019,0.69779044,-0.7818315,0.6234898,1.0
372,0.6666667,0.19,0.75,-0.7163019,0.69779044,-0.7818315,0.6234898,1.0
373,0.7352941,0.16,0.86,-0.7163019,0.69779044,-0.7818315,0.6234898,1.0
374,1.0,0.0,0.99,-0.7163019,0.69779044,-0.7818315,0.6234898,1.0
375,0.9444445,0.04,0.7,-0.7163019,0.69779044,-0.7818315,0.6234898,1.0
376,1.0277778,0.0,0.89,-0.7163019,0.69779044,-0.7818315,0.6234898,1.0
377,1.3333334,0.0,0.85,-0.7163019,0.69779044,-0.7818315,0.6234898,1.0
378,0.9565217,0.02,0.7,-0.7163019,0.69779044,-0.7818315,0.6234898,1.0
379,0.8611112,0.05,0.88,-0.7163019,0.69779044,-0.7818315,0.6234898,1.0
380,0.8947369,0.08,0.7,-0.7163019,0.69779044,-0.7818315,0.6234898,1.0
381,0.0,0.0,0.0,0.0,0.0,0.0,0.0,0.0
382,1.0853658,0.0,0.99,-0.7163019,0.69779044,-0.7818315,0.6234898,1.0
383,0.70967734,0.15,0.99,-0.7163019,0.69779044,-0.7818315,0.6234898,1.0
384,0.96000004,0.03,0.84,-0.7163019,0.69779044,-0.7818315,0.6234898,1.0
385,0.86363643,0.13,0.93,-0.7163019,0.69779044,-0.7818315,0.6234898,1.0
386,0.0,0.0,0.0,0.0,0.0,0.0,0.0,0.0
387,0.53125,0.31,0.99,-0.7163019,0.69779044,-0.7818315,0.6234898,1.0
388,0.8536585,0.12,0.83,-0.7163019,0.69779044,-0.7818315,0.6234898,1.0
389,1.02,0.0,0.84,-0.7163019,0.69779044,-0.7818315,0.6234898,1.0
390,0.0,0.0,0.0,0.0,0.0,0.0,0.0,0.0
391,1.2051282,0.0,0.9,-0.7163019,0.69779044,-0.7818315,0.6234898,1.0
392,0.90624994,0.0,0.72,-0.7163019,0.69779044,-0.7818315,0.6234898,1.0
393,0.0,0.0,0.0,0.0,0.0,0.0,0.0,0.0
394,0.9565217,0.03,0.73,-0.7163019,0.69779044,-0.7818315,0.6234898,1.0
395,0.0,0.0,0.0,0.0,0.0,0.0,0.0,0.0
396,0.6136364,0.28,0.96,-0.7163019,0.69779044,-0.7818315,0.6234898,1.0
397,1.0625,0.0,0.99,-0.7163019,0.69779044,-0.7818315,0.6234898,1.0
398,0.8999999,0.0,0.88,-0.7163019,0.69779044,-0.7818315,0.6234898,1.0
399,0.73333335,0.22,0.92,-0.7163019,0.69779044,-0.7818315,0.6234898,1.0
400,0.0,0.0,0.0,0.0,0.0,0.0,0.0,0.0
401,0.9677419,0.02,0.7,-0.7163019,0.69779044,-0.7818315,0.6234898,1.0
402,1.0895524,0.0,0.99,-0.7163019,0.69779044,-0.7818315,0.6234898,1.0
403,0.0,0.0,0.0,0.0,0.0,0.0,0.0,0.0
404,0.0,0.0,0.0,0.0,0.0,0.0,0.0,0.0
405,0.5714286,0.23,0.91,-0.7163019,0.69779044,-0.7818315,0.6234898,1.0
406,1.16,0.0,0.88,-0.7163019,0.69779044,-0.7818315,0.6234898,1.0
407,0.95,0.02,0.7,-0.7163019,0.69779044,-0.7818315,0.6234898,1.0
408,1.8666666,0.0,0.98,-0.7163019,0.69779044,-0.7818315,0.6234898,1.0
409,0.8888889,0.04,0.89,-0.7163019,0.69779044,-0.7818315,0.6234898,1.0
410,0.825,0.15,0.99,-0.7163019,0.69779044,-0.7818315,0.6234898,1.0
411,0.5609756,0.32,0.85,-0.7163019,0.69779044,-0.7818315,0.6234898,1.0
412,1.195122,0.0,0.75,-0.7163019,0.69779044,-0.7818315,0.6234898,1.0
413,0.52,0.36,0.92,-0.7163019,0.69779044,-0.7818315,0.6234898,1.0
414,0.0,0.0,0.0,0.0,0.0,0.0,0.0,0.0
415,0.0,0.0,0.0,0.0,0.0,0.0,0.0,0.0
416,0.0,0.0,0.0,0.0,0.0,0.0,0.0,0.0
417,1.0,0.0,0.7,-0.7163019,0.69779044,-0.7818315,0.6234898,1.0
418,0.6666666,0.21,0.76,-0.7163019,0.69779044,-0.7818315,0.6234898,1.0
419,1.4444445,0.0,0.89,-0.7163019,0.69779044,-0.7818315,0.6234898,1.0
420,1.6999999,0.0,0.7,-0.7163019,0.69779044,-0.7818315,0.6234898,1.0
421,0.86956525,0.11,0.88,-0.7163019,0.69779044,-0.7818315,0.6234898,1.0
422,1.1999999,0.0,0.89,-0.7163019,0.69779044,-0.7818315,0.6234898,1.0
423,0.0,0.0,0.0,0.0,0.0,0.0,0.0,0.0
424,1.25,0.0,0.7,-0.7163019,0.69779044,-0.7818315,0.6234898,1.0
425,0.0,0.0,0.0,0.0,0.0,0.0,0.0,0.0
426,1.0,0.0,0.7,-0.7163019,0.69779044,-0.7818315,0.6234898,1.0
427,0.71875,0.26,0.96,-0.7163019,0.69779044,-0.7818315,0.6234898,1.0
428,0.8181818,0.05,0.9,-0.7163019,0.69779044,-0.7818315,0.6234898,1.0
429,0.7209303,0.18,0.89,-0.7163019,0.69779044,-0.7818315,0.6234898,1.0
430,0.93617016,0.06,0.7,-0.7163019,0.69779044,-0.7818315,0.6234898,1.0
431,0.0,0.0,0.0,0.0,0.0,0.0,0.0,0.0
432,1.0,0.01,0.97,-0.7163019,0.69779044,-0.7818315,0.6234898,1.0
433,0.9677419,0.0,0.8,-0.7163019,0.69779044,-0.7818315,0.6234898,1.0
434,0.0,0.0,0.0,0.0,0.0,0.0,0.0,0.0
435,0.83783793,0.16,0.83,-0.7163019,0.69779044,-0.7818315,0.6234898,1.0
436,0.0,0.0,0.0,0.0,0.0,0.0,0.0,0.0
437,0.93749994,0.07,0.83,-0.7163019,0.69779044,-0.7818315,0.6234898,1.0
438,0.826087,0.16,0.93,-0.7163019,0.69779044,-0.7818315,0.6234898,1.0
439,0.76,0.11,0.77,-0.7163019,0.69779044,-0.7818315,0.6234898,1.0
440,1.0400001,0.0,0.88,-0.7163019,0.69779044,-0.7818315,0.6234898,1.0
441,0.90697676,0.08,0.78,-0.7163019,0.69779044,-0.7818315,0.6234898,1.0
442,1.0,0.0,0.7,-0.7163019,0.69779044,-0.7818315,0.6234898,1.0
443,1.1666666,0.0,0.79,-0.7163019,0.69779044,-0.7818315,0.6234898,1.0
444,0.0,0.0,0.0,0.0,0.0,0.0,0.0,0.0
445,0.0,0.0,0.0,0.0,0.0,0.0,0.0,0.0
446,0.78125,0.19,0.7,-0.7163019,0.69779044,-0.7818315,0.6234898,1.0
447,1.0333333,0.0,0.7,-0.7163019,0.69779044,-0.7818315,0.6234898,1.0
448,0.79999995,0.09,0.88,-0.7163019,0.69779044,-0.7818315,0.6234898,1.0
449,0.85714287,0.03,0.81,-0.7163019,0.69779044,-0.7818315,0.6234898,1.0
450,0.89743584,0.09,0.7,-0.7163019,0.69779044,-0.7818315,0.6234898,1.0
451,0.84466016,0.14,0.98,-0.7163019,0.69779044,-0.7818315,0.6234898,1.0
452,1.0,0.0,0.7,-0.7163019,0.69779044,-0.7818315,0.6234898,1.0
453,1.0625,0.0,0.7,-0.7163019,0.69779044,-0.7818315,0.6234898,1.0
454,1.1351352,0.0,0.81,-0.7163019,0.69779044,-0.7818315,0.6234898,1.0
455,0.78571427,0.11,0.85,-0.7163019,0.69779044,-0.7818315,0.6234898,1.0
456,1.1034484,0.0,0.94,-0.7163019,0.69779044,-0.7818315,0.6234898,1.0
457,1.0,0.0,0.7,-0.7163019,0.69779044,-0.7818315,0.6234898,1.0
458,1.0,0.0,0.7,-0.7163019,0.69779044,-0.7818315,0.6234898,1.0
459,1.2222222,0.0,0.7,-0.7163019,0.69779044,-0.7818315,0.6234898,1.0
460,0.8787878,0.03,0.96,-0.7163019,0.69779044,-0.7818315,0.6234898,1.0
461,1.0,0.01,0.7,-0.7163019,0.69779044,-0.7818315,0.6234898,1.0
462,0.77500004,0.12,0.8,-0.7163019,0.69779044,-0.7818315,0.6234898,1.0
463,0.8749999,0.09,0.82,-0.7163019,0.69779044,-0.7818315,0.6234898,1.0
464,1.1034484,0.0,0.7,-0.7163019,0.69779044,-0.7818315,0.6234898,1.0
465,1.0,0.0,0.7,-0.7163019,0.69779044,-0.7818315,0.6234898,1.0
466,0.0,0.0,0.0,0.0,0.0,0.0,0.0,0.0
467,0.0,0.0,0.0,0.0,0.0,0.0,0.0,0.0
468,0.0,0.0,0.0,0.0,0.0,0.0,0.0,0.0
469,1.2222222,0.0,0.92,-0.7163019,0.69779044,-0.7818315,0.6234898,1.0
470,0.0,0.0,0.0,0.0,0.0,0.0,0.0,0.0
471,0.9677419,0.0,0.75,-0.7163019,0.69779044,-0.7818315,0.6234898,1.0
472,1.0799999,0.0,0.87,-0.7163019,0.69779044,-0.7818315,0.6234898,1.0
473,1.0,0.0,0.85,-0.7163019,0.69779044,-0.7818315,0.6234898,1.0
474,0.0,0.0,0.0,0.0,0.0,0.0,0.0,0.0
475,0.5277778,0.34,0.92,-0.7163019,0.69779044,-0.7818315,0.6234898,1.0
476,0.8749999,0.12,0.7,-0.7163019,0.69779044,-0.7818315,0.6234898,1.0
477,0.54999995,0.4,0.7,-0.7163019,0.69779044,-0.7818315,0.6234898,1.0
478,1.0823529,0.0,0.97,-0.7163019,0.69779044,-0.7818315,0.6234898,1.0
479,0.0,0.0,0.0,0.0,0.0,0.0,0.0,0.0
480,1.9666667,0.0,0.75,-0.7163019,0.69779044,-0.7818315,0.6234898,1.0
481,1.0,0.0,0.7,-0.7163019,0.69779044,-0.7818315,0.6234898,1.0
482,0.8333334,0.14,0.7,-0.7163019,0.69779044,-0.7818315,0.6234898,1.0
483,0.6764706,0.2,0.75,-0.7163019,0.69779044,-0.7818315,0.6234898,1.0
484,0.8181818,0.13,0.84,-0.7163019,0.69779044,-0.7818315,0.6234898,1.0
485,1.0,0.0,0.7,-0.7163019,0.69779044,-0.7818315,0.6234898,1.0
486,0.0,0.0,0.0,0.0,0.0,0.0,0.0,0.0
487,0.74358964,0.16,0.94,-0.7163019,0.69779044,-0.7818315,0.6234898,1.0
488,0.65789473,0.23,0.96,-0.7163019,0.69779044,-0.7818315,0.6234898,1.0
489,1.0,0.0,0.7,-0.7163019,0.69779044,-0.7818315,0.6234898,1.0
490,0.65384614,0.21,0.78,-0.7163019,0.69779044,-0.7818315,0.6234898,1.0
491,1.2,0.0,0.78,-0.7163019,0.69779044,-0.7818315,0.6234898,1.0
492,0.34210527,0.69,0.84,-0.7163019,0.69779044,-0.7818315,0.6234898,1.0
493,0.9800001,0.02,0.97,-0.7163019,0.69779044,-0.7818315,0.6234898,1.0
494,0.8529411,0.07,0.77,-0.7163019,0.69779044,-0.7818315,0.6234898,1.0
495,0.0,0.0,0.0,0.0,0.0,0.0,0.0,0.0
496,0.0,0.0,0.0,0.0,0.0,0.0,0.0,0.0
497,0.0,0.0,0.0,0.0,0.0,0.0,0.0,0.0
498,0.0,0.0,0.0,0.0,0.0,0.0,0.0,0.0
499,0.63043475,0.26,0.85,-0.7163019,0.69779044,-0.7818315,0.6234898,1.0
500,0.0,0.0,0.0,0.0,0.0,0.0,0.0,0.0
501,0.5454545,0.32,0.94,-0.7163019,0.69779044,-0.7818315,0.6234898,1.0
502,0.94,0.05,0.81,-0.7163019,0.69779044,-0.7818315,0.6234898,1.0
503,1.232558,0.0,0.81,-0.7163019,0.69779044,-0.7818315,0.6234898,1.0
504,0.76000005,0.2,0.9,-0.7163019,0.69779044,-0.7818315,0.6234898,1.0
505,0.3783784,0.31,0.96,-0.7163019,0.69779044,-0.7818315,0.6234898,1.0
506,0.0,0.0,0.0,0.0,0.0,0.0,0.0,0.0
507,0.92857146,0.07,0.7,-0.7163019,0.69779044,-0.7818315,0.6234898,1.0
508,0.0,0.0,0.0,0.0,0.0,0.0,0.0,0.0
509,1.0,0.0,0.7,-0.7163019,0.69779044,-0.7818315,0.6234898,1.0
510,0.88888896,0.1,0.76,-0.7163019,0.69779044,-0.7818315,0.6234898,1.0
511,0.9677419,0.02,0.7,-0.7163019,0.69779044,-0.7818315,0.6234898,1.0
512,0.0,0.0,0.0,0.0,0.0,0.0,0.0,0.0
513,0.0,0.0,0.0,0.0,0.0,0.0,0.0,0.0
514,0.0,0.0,0.0,0.0,0.0,0.0,0.0,0.0
515,0.75,0.13,0.99,-0.7163019,0.69779044,-0.7818315,0.6234898,1.0
516,0.0,0.0,0.0,0.0,0.0,0.0,0.0,0.0
517,0.0,0.0,0.0,0.0,0.0,0.0,0.0,0.0
518,1.2,0.0,0.91,-0.7163019,0.69779044,-0.7818315,0.6234898,1.0
519,0.7714286,0.12,0.89,-0.7163019,0.69779044,-0.7818315,0.6234898,1.0
520,0.0,0.0,0.0,0.0,0.0,0.0,0.0,0.0
521,0.875,0.12,0.7,-0.7163019,0.69779044,-0.7818315,0.6234898,1.0
522,0.91836727,0.07,0.93,-0.7163019,0.69779044,-0.7818315,0.6234898,1.0
523,0.86956525,0.12,0.93,-0.7163019,0.69779044,-0.7818315,0.6234898,1.0
524,1.0,0.01,0.7,-0.7163019,0.69779044,-0.7818315,0.6234898,1.0
525,0.0,0.0,0.0,0.0,0.0,0.0,0.0,0.0
526,0.9666665,0.02,0.89,-0.7163019,0.69779044,-0.7818315,0.6234898,1.0
527,1.0,0.0,0.7,-0.7163019,0.69779044,-0.7818315,0.6234898,1.0
528,0.8529411,0.06,0.83,-0.7163019,0.69779044,-0.7818315,0.6234898,1.0
529,0.0,0.0,0.0,0.0,0.0,0.0,0.0,0.0
530,0.75,0.16,0.74,-0.7163019,0.69779044,-0.7818315,0.6234898,1.0
531,0.5416666,0.34,0.92,-0.7163019,0.69779044,-0.7818315,0.6234898,1.0
532,1.0,0.0,0.7,-0.7163019,0.69779044,-0.7818315,0.6234898,1.0
533,1.0555556,0.0,0.89,-0.7163019,0.69779044,-0.7818315,0.6234898,1.0
534,0.5555556,0.27,0.98,-0.7163019,0.69779044,-0.7818315,0.6234898,1.0
535,0.9729729,0.03,0.92,-0.7163019,0.69779044,-0.7818315,0.6234898,1.0
536,0.0,0.0,0.0,0.0,0.0,0.0,0.0,0.0
537,0.825,0.15,0.7,-0.7163019,0.69779044,-0.7818315,0.6234898,1.0
538,0.8902439,0.1,0.99,-0.7163019,0.69779044,-0.7818315,0.6234898,1.0
539,0.6944445,0.27,0.7,-0.7163019,0.69779044,-0.7818315,0.6234898,1.0
540,1.0,0.0,0.7,-0.7163019,0.69779044,-0.7818315,0.6234898,1.0
541,0.8000001,0.17,0.82,-0.7163019,0.69779044,-0.7818315,0.6234898,1.0
542,0.59999996,0.35,0.7,-0.7163019,0.69779044,-0.7818315,0.6234898,1.0
543,0.7560976,0.2,0.86,-0.7163019,0.69779044,-0.7818315,0.6234898,1.0
544,0.67857146,0.17,0.99,-0.7163019,0.69779044,-0.7818315,0.6234898,1.0
545,0.875,0.11,0.81,-0.7163019,0.69779044,-0.7818315,0.6234898,1.0
546,0.68571436,0.2,0.73,-0.7163019,0.69779044,-0.7818315,0.6234898,1.0
547,0.8979591,0.08,0.7,-0.7163019,0.69779044,-0.7818315,0.6234898,1.0
548,1.0,0.0,0.7,-0.7163019,0.69779044,-0.7818315,0.6234898,1.0
549,0.59375,0.35,0.99,-0.7163019,0.69779044,-0.7818315,0.6234898,1.0
550,0.0,0.0,0.0,0.0,0.0,0.0,0.0,0.0
551,0.0,0.0,0.0,0.0,0.0,0.0,0.0,0.0
552,0.0,0.0,0.0,0.0,0.0,0.0,0.0,0.0
553,1.4999999,0.0,0.73,-0.7163019,0.69779044,-0.7818315,0.6234898,1.0
554,0.962963,0.03,0.7,-0.7163019,0.69779044,-0.7818315,0.6234898,1.0
555,0.74358964,0.15,0.76,-0.7163019,0.69779044,-0.7818315,0.6234898,1.0
556,0.6129032,0.23,0.73,-0.7163019,0.69779044,-0.7818315,0.6234898,1.0
557,0.9565217,0.04,0.7,-0.7163019,0.69779044,-0.7818315,0.6234898,1.0
558,0.7,0.26,0.94,-0.7163019,0.69779044,-0.7818315,0.6234898,1.0
559,1.1999999,0.0,0.76,-0.7163019,0.69779044,-0.7818315,0.6234898,1.0
560,1.4200001,0.0,0.82,-0.7163019,0.69779044,-0.7818315,0.6234898,1.0
561,1.2,0.0,0.94,-0.7163019,0.69779044,-0.7818315,0.6234898,1.0
562,0.8461538,0.02,0.99,-0.7163019,0.69779044,-0.7818315,0.6234898,1.0
563,1.0,0.0,0.7,-0.7163019,0.69779044,-0.7818315,0.6234898,1.0
564,0.8749999,0.1,0.92,-0.7163019,0.69779044,-0.7818315,0.6234898,1.0
565,1.0124999,0.0,0.99,-0.7163019,0.69779044,-0.7818315,0.6234898,1.0
566,0.0,0.0,0.0,0.0,0.0,0.0,0.0,0.0
567,0.8518519,0.02,0.94,-0.7163019,0.69779044,-0.7818315,0.6234898,1.0
568,1.0,0.0,0.7,-0.7163019,0.69779044,-0.7818315,0.6234898,1.0
569,0.88461536,0.01,0.71,-0.7163019,0.69779044,-0.7818315,0.6234898,1.0
570,0.0,0.0,0.0,0.0,0.0,0.0,0.0,0.0
571,1.2333332,0.0,0.7,-0.7163019,0.69779044,-0.7818315,0.6234898,1.0
572,1.0,0.0,0.7,-0.7163019,0.69779044,-0.7818315,0.6234898,1.0
573,0.9642857,0.0,0.97,-0.7163019,0.69779044,-0.7818315,0.6234898,1.0
574,0.826087,0.15,0.91,-0.7163019,0.69779044,-0.7818315,0.6234898,1.0
575,0.9,0.08,0.94,-0.7163019,0.69779044,-0.7818315,0.6234898,1.0
576,0.5555556,0.4,0.7,-0.7163019,0.69779044,-0.7818315,0.6234898,1.0
577,0.9285714,0.07,0.7,-0.7163019,0.69779044,-0.7818315,0.6234898,1.0
578,0.0,0.0,0.0,0.0,0.0,0.0,0.0,0.0
579,0.0,0.0,0.0,0.0,0.0,0.0,0.0,0.0
580,1.0384616,0.0,0.91,-0.7163019,0.69779044,-0.7818315,0.6234898,1.0
581,0.7692308,0.14,0.89,-0.7163019,0.69779044,-0.7818315,0.6234898,1.0
582,1.1489362,0.0,0.75,-0.7163019,0.69779044,-0.7818315,0.6234898,1.0
583,1.32,0.0,0.7,-0.7163019,0.69779044,-0.7818315,0.6234898,1.0
584,0.92857146,0.07,0.95,-0.7163019,0.69779044,-0.7818315,0.6234898,1.0
585,0.56410253,0.31,0.99,-0.7163019,0.69779044,-0.7818315,0.6234898,1.0
586,0.8571428,0.12,0.99,-0.7163019,0.69779044,-0.7818315,0.6234898,1.0
587,0.88095236,0.1,0.7,-0.7163019,0.69779044,-0.7818315,0.6234898,1.0
588,0.94,0.06,0.89,-0.7163019,0.69779044,-0.7818315,0.6234898,1.0
589,0.96551734,0.04,0.7,-0.7163019,0.69779044,-0.7818315,0.6234898,1.0
590,0.0,0.0,0.0,0.0,0.0,0.0,0.0,0.0
591,1.0769231,0.0,0.7,-0.7163019,0.69779044,-0.7818315,0.6234898,1.0
592,0.88888896,0.09,0.7,-0.7163019,0.69779044,-0.7818315,0.6234898,1.0
593,0.64285713,0.22,0.72,-0.7163019,0.69779044,-0.7818315,0.6234898,1.0
594,0.8157895,0.08,0.83,-0.7163019,0.69779044,-0.7818315,0.6234898,1.0
595,0.91999996,0.0,0.98,-0.7163019,0.69779044,-0.7818315,0.6234898,1.0
596,0.6086957,0.21,0.87,-0.7163019,0.69779044,-0.7818315,0.6234898,1.0
597,0.8780488,0.12,0.93,-0.7163019,0.69779044,-0.7818315,0.6234898,1.0
598,1.3399999,0.0,0.88,-0.7163019,0.69779044,-0.7818315,0.6234898,1.0
599,0.7619048,0.15,0.75,-0.7163019,0.69779044,-0.7818315,0.6234898,1.0
600,0.9268293,0.1,0.99,-0.7163019,0.69779044,-0.7818315,0.6234898,1.0
601,1.0,0.0,0.99,-0.7163019,0.69779044,-0.7818315,0.6234898,1.0
602,0.88372093,0.1,0.7,-0.7163019,0.69779044,-0.7818315,0.6234898,1.0
603,1.027027,0.0,0.83,-0.7163019,0.69779044,-0.7818315,0.6234898,1.0
604,0.96551734,0.03,0.7,-0.7163019,0.69779044,-0.7818315,0.6234898,1.0
605,0.8478261,0.14,0.99,-0.7163019,0.69779044,-0.7818315,0.6234898,1.0
606,0.88888896,0.02,0.98,-0.7163019,0.69779044,-0.7818315,0.6234898,1.0
607,0.0,0.0,0.0,0.0,0.0,0.0,0.0,0.0
608,0.8947369,0.1,0.85,-0.7163019,0.69779044,-0.7818315,0.6234898,1.0
609,1.22,0.0,0.7,-0.7163019,0.69779044,-0.7818315,0.6234898,1.0
610,1.7499998,0.0,0.96,-0.7163019,0.69779044,-0.7818315,0.6234898,1.0
611,1.0,0.0,0.7,-0.7163019,0.69779044,-0.7818315,0.6234898,1.0
612,0.8125,0.07,0.97,-0.7163019,0.69779044,-0.7818315,0.6234898,1.0
613,0.0,0.0,0.0,0.0,0.0,0.0,0.0,0.0
614,0.8181818,0.15,0.78,-0.7163019,0.69779044,-0.7818315,0.6234898,1.0
615,0.90624994,0.0,0.92,-0.7163019,0.69779044,-0.7818315,0.6234898,1.0
616,0.7567568,0.21,0.7,-0.7163019,0.69779044,-0.7818315,0.6234898,1.0
617,0.9268293,0.06,0.93,-0.7163019,0.69779044,-0.7818315,0.6234898,1.0
618,1.0,0.0,0.7,-0.7163019,0.69779044,-0.7818315,0.6234898,1.0
619,0.48387095,0.11,0.98,-0.7163019,0.69779044,-0.7818315,0.6234898,1.0
620,0.7317074,0.24,0.95,-0.7163019,0.69779044,-0.7818315,0.6234898,1.0
621,0.8513514,0.13,0.97,-0.7163019,0.69779044,-0.7818315,0.6234898,1.0
622,0.8958333,0.09,0.9,-0.7163019,0.69779044,-0.7818315,0.6234898,1.0
623,0.0,0.0,0.0,0.0,0.0,0.0,0.0,0.0
624,0.84375,0.14,0.96,-0.7163019,0.69779044,-0.7818315,0.6234898,1.0
625,0.0,0.0,0.0,0.0,0.0,0.0,0.0,0.0
626,0.0,0.0,0.0,0.0,0.0,0.0,0.0,0.0
627,0.9583333,0.04,0.7,-0.7163019,0.69779044,-0.7818315,0.6234898,1.0
628,0.0,0.0,0.0,0.0,0.0,0.0,0.0,0.0
629,1.0666666,0.0,0.73,-0.7163019,0.69779044,-0.7818315,0.6234898,1.0
630,0.825,0.15,0.74,-0.7163019,0.69779044,-0.7818315,0.6234898,1.0
631,0.82352936,0.06,0.74,-0.7163019,0.69779044,-0.7818315,0.6234898,1.0
632,0.586207,0.26,0.99,-0.7163019,0.69779044,-0.7818315,0.6234898,1.0
633,0.9767442,0.02,0.9,-0.7163019,0.69779044,-0.7818315,0.6234898,1.0
634,0.0,0.0,0.0,0.0,0.0,0.0,0.0,0.0
635,1.0,0.0,0.7,-0.7163019,0.69779044,-0.7818315,0.6234898,1.0
636,0.9729729,0.01,0.7,-0.7163019,0.69779044,-0.7818315,0.6234898,1.0
637,1.074074,0.0,0.87,-0.7163019,0.69779044,-0.7818315,0.6234898,1.0
638,0.94117653,0.0,0.71,-0.7163019,0.69779044,-0.7818315,0.6234898,1.0
639,1.2666668,0.0,0.7,-0.7163019,0.69779044,-0.7818315,0.6234898,1.0
640,0.0,0.0,0.0,0.0,0.0,0.0,0.0,0.0
641,0.0,0.0,0.0,0.0,0.0,0.0,0.0,0.0
642,0.79999995,0.17,0.7,-0.7163019,0.69779044,-0.7818315,0.6234898,1.0
643,0.755102,0.21,0.88,-0.7163019,0.69779044,-0.7818315,0.6234898,1.0
644,1.0,0.0,0.7,-0.7163019,0.69779044,-0.7818315,0.6234898,1.0
645,0.92592597,0.0,0.78,-0.7163019,0.69779044,-0.7818315,0.6234898,1.0
646,0.8285714,0.15,0.7,-0.7163019,0.69779044,-0.7818315,0.6234898,1.0
647,1.0,0.0,0.98,-0.7163019,0.69779044,-0.7818315,0.6234898,1.0
648,0.88888896,0.02,0.8,-0.7163019,0.69779044,-0.7818315,0.6234898,1.0
649,1.5200001,0.0,0.7,-0.7163019,0.69779044,-0.7818315,0.6234898,1.0
650,0.64705884,0.16,0.99,-0.7163019,0.69779044,-0.7818315,0.6234898,1.0
651,0.82,0.16,0.99,-0.7163019,0.69779044,-0.7818315,0.6234898,1.0
652,1.1818182,0.0,0.7,-0.7163019,0.69779044,-0.7818315,0.6234898,1.0
653,0.92307687,0.05,0.76,-0.7163019,0.69779044,-0.7818315,0.6234898,1.0
654,0.79999995,0.1,0.73,-0.7163019,0.69779044,-0.7818315,0.6234898,1.0
655,1.108108,0.0,0.77,-0.7163019,0.69779044,-0.7818315,0.6234898,1.0
656,0.0,0.0,0.0,0.0,0.0,0.0,0.0,0.0
657,1.3571429,0.0,0.76,-0.7163019,0.69779044,-0.7818315,0.6234898,1.0
658,0.0,0.0,0.0,0.0,0.0,0.0,0.0,0.0
659,0.0,0.0,0.0,0.0,0.0,0.0,0.0,0.0
660,0.64705884,0.13,0.75,-0.7163019,0.69779044,-0.7818315,0.6234898,1.0
661,0.0,0.0,0.0,0.0,0.0,0.0,0.0,0.0
662,0.0,0.0,0.0,0.0,0.0,0.0,0.0,0.0
663,0.93103456,0.07,0.84,-0.7163019,0.69779044,-0.7818315,0.6234898,1.0
664,0.0,0.0,0.0,0.0,0.0,0.0,0.0,0.0
665,0.0,0.0,0.0,0.0,0.0,0.0,0.0,0.0
666,0.61538464,0.33,0.7,-0.7163019,0.69779044,-0.7818315,0.6234898,1.0
667,0.0,0.0,0.0,0.0,0.0,0.0,0.0,0.0
668,1.0266666,0.0,0.7,-0.7163019,0.69779044,-0.7818315,0.6234898,1.0
669,0.0,0.0,0.0,0.0,0.0,0.0,0.0,0.0
670,0.74,0.22,0.83,-0.7163019,0.69779044,-0.7818315,0.6234898,1.0
671,1.0,0.0,0.7,-0.7163019,0.69779044,-0.7818315,0.6234898,1.0
672,0.0,0.0,0.0,0.0,0.0,0.0,0.0,0.0
673,1.0416666,0.0,0.7,-0.7163019,0.69779044,-0.7818315,0.6234898,1.0
674,0.0,0.0,0.0,0.0,0.0,0.0,0.0,0.0
675,0.88888896,0.01,0.78,-0.7163019,0.69779044,-0.7818315,0.6234898,1.0
676,0.0,0.0,0.0,0.0,0.0,0.0,0.0,0.0
677,0.923077,0.0,0.73,-0.7163019,0.69779044,-0.7818315,0.6234898,1.0
678,1.2307693,0.0,0.83,-0.7163019,0.69779044,-0.7818315,0.6234898,1.0
679,1.6999999,0.0,0.87,-0.7163019,0.69779044,-0.7818315,0.6234898,1.0
680,0.0,0.0,0.0,0.0,0.0,0.0,0.0,0.0
681,1.5,0.0,0.86,-0.7163019,0.69779044,-0.7818315,0.6234898,1.0
682,0.5263158,0.28,0.88,-0.7163019,0.69779044,-0.7818315,0.6234898,1.0
683,0.9032257,0.09,0.7,-0.7163019,0.69779044,-0.7818315,0.6234898,1.0
684,0.84,0.02,0.71,-0.7163019,0.69779044,-0.7818315,0.6234898,1.0
685,0.82222223,0.16,0.91,-0.7163019,0.69779044,-0.7818315,0.6234898,1.0
686,0.0,0.0,0.0,0.0,0.0,0.0,0.0,0.0
687,0.9459459,0.05,0.83,-0.7163019,0.69779044,-0.7818315,0.6234898,1.0
688,0.5555556,0.28,0.99,-0.7163019,0.69779044,-0.7818315,0.6234898,1.0
689,0.0,0.0,0.0,0.0,0.0,0.0,0.0,0.0
690,0.90909094,0.08,0.7,-0.7163019,0.69779044,-0.7818315,0.6234898,1.0
691,0.65517247,0.21,0.78,-0.7163019,0.69779044,-0.7818315,0.6234898,1.0
692,0.88095236,0.1,0.9,-0.7163019,0.69779044,-0.7818315,0.6234898,1.0
693,0.0,0.0,0.0,0.0,0.0,0.0,0.0,0.0
694,0.6875,0.09,0.81,-0.7163019,0.69779044,-0.7818315,0.6234898,1.0
695,0.5555556,0.32,0.76,-0.7163019,0.69779044,-0.7818315,0.6234898,1.0
696,0.0,0.0,0.0,0.0,0.0,0.0,0.0,0.0
697,0.0,0.0,0.0,0.0,0.0,0.0,0.0,0.0
698,1.1555556,0.0,0.9,-0.7163019,0.69779044,-0.7818315,0.6234898,1.0
699,0.6451613,0.22,0.99,-0.7163019,0.69779044,-0.7818315,0.6234898,1.0
700,0.0,0.0,0.0,0.0,0.0,0.0,0.0,0.0
701,0.97560984,0.02,0.7,-0.7163019,0.69779044,-0.7818315,0.6234898,1.0
702,0.96000004,0.03,0.99,-0.7163019,0.69779044,-0.7818315,0.6234898,1.0
703,0.0,0.0,0.0,0.0,0.0,0.0,0.0,0.0
704,1.0,0.0,0.7,-0.7163019,0.69779044,-0.7818315,0.6234898,1.0
705,1.1333333,0.0,0.98,-0.7163019,0.69779044,-0.7818315,0.6234898,1.0
706,0.0,0.0,0.0,0.0,0.0,0.0,0.0,0.0
707,0.0,0.0,0.0,0.0,0.0,0.0,0.0,0.0
708,0.0,0.0,0.0,0.0,0.0,0.0,0.0,0.0
709,0.51111114,0.29,0.7,-0.7163019,0.69779044,-0.7818315,0.6234898,1.0
710,1.0454546,0.0,0.7,-0.7163019,0.69779044,-0.7818315,0.6234898,1.0
711,0.75757575,0.12,0.9,-0.7163019,0.69779044,-0.7818315,0.6234898,1.0
712,1.15625,0.0,0.88,-0.7163019,0.69779044,-0.7818315,0.6234898,1.0
713,0.86956525,0.0,0.74,-0.7163019,0.69779044,-0.7818315,0.6234898,1.0
714,0.0,0.0,0.0,0.0,0.0,0.0,0.0,0.0
715,0.0,0.0,0.0,0.0,0.0,0.0,0.0,0.0
716,0.9642857,0.03,0.7,-0.7163019,0.69779044,-0.7818315,0.6234898,1.0
717,1.3666666,0.0,0.73,-0.7163019,0.69779044,-0.7818315,0.6234898,1.0
718,1.0,0.0,0.96,-0.7163019,0.69779044,-0.7818315,0.6234898,1.0
719,0.8275863,0.15,0.7,-0.7163019,0.69779044,-0.7818315,0.6234898,1.0
720,0.0,0.0,0.0,0.0,0.0,0.0,0.0,0.0
721,1.1333333,0.0,0.94,-0.7163019,0.69779044,-0.7818315,0.6234898,1.0
722,0.7407408,0.14,0.98,-0.7163019,0.69779044,-0.7818315,0.6234898,1.0
723,0.0,0.0,0.0,0.0,0.0,0.0,0.0,0.0
724,0.8478261,0.14,0.8,-0.7163019,0.69779044,-0.7818315,0.6234898,1.0
725,0.85106385,0.12,0.99,-0.7163019,0.69779044,-0.7818315,0.6234898,1.0
726,0.0,0.0,0.0,0.0,0.0,0.0,0.0,0.0
727,0.3333333,0.31,0.95,-0.7163019,0.69779044,-0.7818315,0.6234898,1.0
728,0.974359,0.02,0.97,-0.7163019,0.69779044,-0.7818315,0.6234898,1.0
729,0.8125,0.09,0.83,-0.7163019,0.69779044,-0.7818315,0.6234898,1.0
730,0.8947369,0.09,0.7,-0.7163019,0.69779044,-0.7818315,0.6234898,1.0
731,0.0,0.0,0.0,0.0,0.0,0.0,0.0,0.0
732,0.0,0.0,0.0,0.0,0.0,0.0,0.0,0.0
733,0.94,0.06,0.87,-0.7163019,0.69779044,-0.7818315,0.6234898,1.0
734,1.08,0.0,0.99,-0.7163019,0.69779044,-0.7818315,0.6234898,1.0
735,0.0,0.0,0.0,0.0,0.0,0.0,0.0,0.0
736,1.0,0.01,0.98,-0.7163019,0.69779044,-0.7818315,0.6234898,1.0
737,0.7173913,0.24,0.73,-0.7163019,0.69779044,-0.7818315,0.6234898,1.0
738,1.0999999,0.0,0.74,-0.7163019,0.69779044,-0.7818315,0.6234898,1.0
739,0.0,0.0,0.0,0.0,0.0,0.0,0.0,0.0
740,0.0,0.0,0.0,0.0,0.0,0.0,0.0,0.0
741,1.0,0.01,0.76,-0.7163019,0.69779044,-0.7818315,0.6234898,1.0
742,0.0,0.0,0.0,0.0,0.0,0.0,0.0,0.0
743,0.0,0.0,0.0,0.0,0.0,0.0,0.0,0.0
744,0.0,0.0,0.0,0.0,0.0,0.0,0.0,0.0
745,1.0222223,0.0,0.97,-0.7163019,0.69779044,-0.7818315,0.6234898,1.0
746,0.57142866,0.29,0.89,-0.7163019,0.69779044,-0.7818315,0.6234898,1.0
747,1.0,0.0,0.72,-0.7163019,0.69779044,-0.7818315,0.6234898,1.0
748,0.0,0.0,0.0,0.0,0.0,0.0,0.0,0.0
749,0.57692313,0.28,0.9,-0.7163019,0.69779044,-0.7818315,0.6234898,1.0
750,0.0,0.0,0.0,0.0,0.0,0.0,0.0,0.0
751,0.6969697,0.18,0.92,-0.7163019,0.69779044,-0.7818315,0.6234898,1.0
752,1.22,0.0,0.74,-0.7163019,0.69779044,-0.7818315,0.6234898,1.0
753,0.9642857,0.03,0.7,-0.7163019,0.69779044,-0.7818315,0.6234898,1.0
754,0.9642857,0.02,0.7,-0.7163019,0.69779044,-0.7818315,0.6234898,1.0
755,0.83783793,0.14,0.7,-0.7163019,0.69779044,-0.7818315,0.6234898,1.0
756,1.0208334,0.0,0.8,-0.7163019,0.69779044,-0.7818315,0.6234898,1.0
757,0.9166666,0.54,0.83,-0.7163019,0.69779044,-0.7818315,0.6234898,1.0
758,0.8387096,0.04,0.78,-0.7163019,0.69779044,-0.7818315,0.6234898,1.0
759,0.7209303,0.18,0.98,-0.7163019,0.69779044,-0.7818315,0.6234898,1.0
760,0.9666665,0.0,0.99,-0.7163019,0.69779044,-0.7818315,0.6234898,1.0
761,1.1408451,0.0,0.99,-0.7163019,0.69779044,-0.7818315,0.6234898,1.0
762,1.3800001,0.0,0.7,-0.7163019,0.69779044,-0.7818315,0.6234898,1.0
763,1.0,0.0,0.89,-0.7163019,0.69779044,-0.7818315,0.6234898,1.0
764,0.6666667,0.2,0.94,-0.7163019,0.69779044,-0.7818315,0.6234898,1.0
765,1.0,0.0,0.7,-0.7163019,0.69779044,-0.7818315,0.6234898,1.0
766,1.02,0.0,0.75,-0.7163019,0.69779044,-0.7818315,0.6234898,1.0
767,1.1212121,0.0,0.92,-0.7163019,0.69779044,-0.7818315,0.6234898,1.0
768,0.7333333,0.22,0.91,-0.7163019,0.69779044,-0.7818315,0.6234898,1.0
769,1.0,0.0,0.7,-0.7163019,0.69779044,-0.7818315,0.6234898,1.0
770,1.14,0.0,0.92,-0.7163019,0.69779044,-0.7818315,0.6234898,1.0
771,0.9459459,0.04,0.7,-0.7163019,0.69779044,-0.7818315,0.6234898,1.0
772,0.8333334,0.14,0.7,-0.7163019,0.69779044,-0.7818315,0.6234898,1.0
773,0.0,0.0,0.0,0.0,0.0,0.0,0.0,0.0
774,0.9545455,0.03,0.7,-0.7163019,0.69779044,-0.7818315,0.6234898,1.0
775,0.0,0.0,0.0,0.0,0.0,0.0,0.0,0.0
776,1.4666666,0.0,0.83,-0.7163019,0.69779044,-0.7818315,0.6234898,1.0
777,0.0,0.0,0.0,0.0,0.0,0.0,0.0,0.0
778,0.96551734,0.02,0.7,-0.7163019,0.69779044,-0.7818315,0.6234898,1.0
779,1.2666667,0.0,0.96,-0.7163019,0.69779044,-0.7818315,0.6234898,1.0
780,1.0408163,0.0,0.91,-0.7163019,0.69779044,-0.7818315,0.6234898,1.0
781,0.9333333,0.07,0.8,-0.7163019,0.69779044,-0.7818315,0.6234898,1.0
782,1.0851064,0.0,0.95,-0.7163019,0.69779044,-0.7818315,0.6234898,1.0
783,0.7662338,0.34,0.99,-0.7163019,0.69779044,-0.7818315,0.6234898,1.0
784,0.0,0.0,0.0,0.0,0.0,0.0,0.0,0.0
785,0.0,0.0,0.0,0.0,0.0,0.0,0.0,0.0
786,0.0,0.0,0.0,0.0,0.0,0.0,0.0,0.0
787,0.5625,0.39,0.99,-0.7163019,0.69779044,-0.7818315,0.6234898,1.0
788,1.0,0.0,0.7,-0.7163019,0.69779044,-0.7818315,0.6234898,1.0
789,0.57575756,0.27,0.85,-0.7163019,0.69779044,-0.7818315,0.6234898,1.0
790,1.2666667,0.0,0.98,-0.7163019,0.69779044,-0.7818315,0.6234898,1.0
791,0.9545455,0.04,0.7,-0.7163019,0.69779044,-0.7818315,0.6234898,1.0
792,0.57575756,0.29,0.99,-0.7163019,0.69779044,-0.7818315,0.6234898,1.0
793,1.074074,0.0,0.77,-0.7163019,0.69779044,-0.7818315,0.6234898,1.0
794,0.0,0.0,0.0,0.0,0.0,0.0,0.0,0.0
795,0.0,0.0,0.0,0.0,0.0,0.0,0.0,0.0
796,0.4047619,0.31,0.98,-0.7163019,0.69779044,-0.7818315,0.6234898,1.0
797,0.0,0.0,0.0,0.0,0.0,0.0,0.0,0.0
798,0.9032257,0.09,0.96,-0.7163019,0.69779044,-0.7818315,0.6234898,1.0
799,0.0,0.0,0.0,0.0,0.0,0.0,0.0,0.0
800,0.63414633,0.26,0.94,-0.7163019,0.69779044,-0.7818315,0.6234898,1.0
801,0.5625,0.29,0.72,-0.7163019,0.69779044,-0.7818315,0.6234898,1.0
802,0.8421052,0.13,0.7,-0.7163019,0.69779044,-0.7818315,0.6234898,1.0
803,1.1621622,0.0,0.88,-0.7163019,0.69779044,-0.7818315,0.6234898,1.0
804,0.84999996,0.0,0.73,-0.7163019,0.69779044,-0.7818315,0.6234898,1.0
805,0.88235295,0.04,0.9,-0.7163019,0.69779044,-0.7818315,0.6234898,1.0
806,0.85106385,0.13,0.98,-0.7163019,0.69779044,-0.7818315,0.6234898,1.0
807,1.0,0.02,0.7,-0.7163019,0.69779044,-0.7818315,0.6234898,1.0
808,0.75,0.16,0.8,-0.7163019,0.69779044,-0.7818315,0.6234898,1.0
809,0.9583333,0.03,0.7,-0.7163019,0.69779044,-0.7818315,0.6234898,1.0
810,1.0,0.01,0.7,-0.7163019,0.69779044,-0.7818315,0.6234898,1.0
811,0.88461536,0.0,0.73,-0.7163019,0.69779044,-0.7818315,0.6234898,1.0
812,0.9583333,0.05,0.7,-0.7163019,0.69779044,-0.7818315,0.6234898,1.0
813,0.9166667,0.08,0.81,-0.7163019,0.69779044,-0.7818315,0.6234898,1.0
814,0.0,0.0,0.0,0.0,0.0,0.0,0.0,0.0
815,0.0,0.0,0.0,0.0,0.0,0.0,0.0,0.0
816,0.89285713,0.11,0.9,-0.7163019,0.69779044,-0.7818315,0.6234898,1.0
817,0.8857144,0.11,0.7,-0.7163019,0.69779044,-0.7818315,0.6234898,1.0
818,0.8620691,0.13,0.7,-0.7163019,0.69779044,-0.7818315,0.6234898,1.0
819,0.9800001,0.02,0.83,-0.7163019,0.69779044,-0.7818315,0.6234898,1.0
820,0.0,0.0,0.0,0.0,0.0,0.0,0.0,0.0
821,0.0,0.0,0.0,0.0,0.0,0.0,0.0,0.0
822,0.0,0.0,0.0,0.0,0.0,0.0,0.0,0.0
823,0.0,0.0,0.0,0.0,0.0,0.0,0.0,0.0
824,0.8275863,0.06,0.97,-0.7163019,0.69779044,-0.7818315,0.6234898,1.0
825,0.0,0.0,0.0,0.0,0.0,0.0,0.0,0.0
826,0.8999999,0.0,0.78,-0.7163019,0.69779044,-0.7818315,0.6234898,1.0
827,0.0,0.0,0.0,0.0,0.0,0.0,0.0,0.0
828,0.9736842,0.02,0.7,-0.7163019,0.69779044,-0.7818315,0.6234898,1.0
829,0.60465115,0.29,0.97,-0.7163019,0.69779044,-0.7818315,0.6234898,1.0
830,1.0,0.0,0.7,-0.7163019,0.69779044,-0.7818315,0.6234898,1.0
831,0.46875003,0.37,0.99,-0.7163019,0.69779044,-0.7818315,0.6234898,1.0
832,0.5625,0.33,0.99,-0.7163019,0.69779044,-0.7818315,0.6234898,1.0
833,0.0,0.0,0.0,0.0,0.0,0.0,0.0,0.0
834,1.0277778,0.0,0.92,-0.7163019,0.69779044,-0.7818315,0.6234898,1.0
835,0.0,0.0,0.0,0.0,0.0,0.0,0.0,0.0
836,0.0,0.0,0.0,0.0,0.0,0.0,0.0,0.0
837,0.875,0.12,0.73,-0.7163019,0.69779044,-0.7818315,0.6234898,1.0
838,0.625,0.28,0.86,-0.7163019,0.69779044,-0.7818315,0.6234898,1.0
839,1.0,0.0,0.7,-0.7163019,0.69779044,-0.7818315,0.6234898,1.0
840,0.5517242,0.3,0.72,-0.7163019,0.69779044,-0.7818315,0.6234898,1.0
841,1.047619,0.0,0.95,-0.7163019,0.69779044,-0.7818315,0.6234898,1.0
842,0.8125,0.28,0.7,-0.7163019,0.69779044,-0.7818315,0.6234898,1.0
843,1.0999999,0.0,0.95,-0.7163019,0.69779044,-0.7818315,0.6234898,1.0
844,0.6470588,0.22,0.73,-0.7163019,0.69779044,-0.7818315,0.6234898,1.0
845,1.1041666,0.0,0.98,-0.7163019,0.69779044,-0.7818315,0.6234898,1.0
846,0.6129032,0.23,0.79,-0.7163019,0.69779044,-0.7818315,0.6234898,1.0
847,1.0,0.0,0.7,-0.7163019,0.69779044,-0.7818315,0.6234898,1.0
848,0.0,0.0,0.0,0.0,0.0,0.0,0.0,0.0
849,0.5625,0.24,0.88,-0.7163019,0.69779044,-0.7818315,0.6234898,1.0
850,0.87999994,0.01,0.75,-0.7163019,0.69779044,-0.7818315,0.6234898,1.0
851,1.0400001,0.0,0.99,-0.7163019,0.69779044,-0.7818315,0.6234898,1.0
852,0.0,0.0,0.0,0.0,0.0,0.0,0.0,0.0
853,0.0,0.0,0.0,0.0,0.0,0.0,0.0,0.0
854,0.0,0.0,0.0,0.0,0.0,0.0,0.0,0.0
855,0.83783793,0.06,0.94,-0.7163019,0.69779044,-0.7818315,0.6234898,1.0
856,0.0,0.0,0.0,0.0,0.0,0.0,0.0,0.0
857,0.6486487,0.24,0.83,-0.7163019,0.69779044,-0.7818315,0.6234898,1.0
858,0.0,0.0,0.0,0.0,0.0,0.0,0.0,0.0
859,0.6969697,0.2,0.99,-0.7163019,0.69779044,-0.7818315,0.6234898,1.0
860,0.9047619,0.08,0.88,-0.7163019,0.69779044,-0.7818315,0.6234898,1.0
861,0.7407408,0.11,0.78,-0.7163019,0.69779044,-0.7818315,0.6234898,1.0
862,0.60714287,0.24,0.73,-0.7163019,0.69779044,-0.7818315,0.6234898,1.0
863,0.6363636,0.24,0.99,-0.7163019,0.69779044,-0.7818315,0.6234898,1.0
864,0.0,0.0,0.0,0.0,0.0,0.0,0.0,0.0
865,0.9459459,0.04,0.7,-0.7163019,0.69779044,-0.7818315,0.6234898,1.0
866,0.96969694,0.02,0.7,-0.7163019,0.69779044,-0.7818315,0.6234898,1.0
867,0.0,0.0,0.0,0.0,0.0,0.0,0.0,0.0
868,1.1621622,0.0,0.94,-0.7163019,0.69779044,-0.7818315,0.6234898,1.0
869,1.0256411,0.0,0.89,-0.7163019,0.69779044,-0.7818315,0.6234898,1.0
870,0.7931035,0.1,0.99,-0.7163019,0.69779044,-0.7818315,0.6234898,1.0
871,1.0,0.0,0.73,-0.7163019,0.69779044,-0.7818315,0.6234898,1.0
872,0.91836727,0.08,0.85,-0.7163019,0.69779044,-0.7818315,0.6234898,1.0
873,1.25,0.0,0.8,-0.7163019,0.69779044,-0.7818315,0.6234898,1.0
874,1.0,0.0,0.7,-0.7163019,0.69779044,-0.7818315,0.6234898,1.0
875,0.0,0.0,0.0,0.0,0.0,0.0,0.0,0.0
876,1.08,0.0,0.7,-0.7163019,0.69779044,-0.7818315,0.6234898,1.0
877,0.8,0.17,0.78,-0.7163019,0.69779044,-0.7818315,0.6234898,1.0
878,0.0,0.0,0.0,0.0,0.0,0.0,0.0,0.0
879,0.0,0.0,0.0,0.0,0.0,0.0,0.0,0.0
880,1.0,0.0,0.85,-0.7163019,0.69779044,-0.7818315,0.6234898,1.0
881,0.0,0.0,0.0,0.0,0.0,0.0,0.0,0.0
882,0.923077,0.05,0.8,-0.7163019,0.69779044,-0.7818315,0.6234898,1.0
883,0.0,0.0,0.0,0.0,0.0,0.0,0.0,0.0
884,0.0,0.0,0.0,0.0,0.0,0.0,0.0,0.0
885,1.3,0.0,0.87,-0.7163019,0.69779044,-0.7818315,0.6234898,1.0
886,1.0681819,0.0,0.76,-0.7163019,0.69779044,-0.7818315,0.6234898,1.0
887,0.0,0.0,0.0,0.0,0.0,0.0,0.0,0.0
888,0.909091,0.04,0.7,-0.7163019,0.69779044,-0.7818315,0.6234898,1.0
889,0.0,0.0,0.0,0.0,0.0,0.0,0.0,0.0
890,0.0,0.0,0.0,0.0,0.0,0.0,0.0,0.0
891,0.9772728,0.01,0.87,-0.7163019,0.69779044,-0.7818315,0.6234898,1.0
892,1.0,0.0,0.7,-0.7163019,0.69779044,-0.7818315,0.6234898,1.0
893,1.586207,0.0,0.78,-0.7163019,0.69779044,-0.7818315,0.6234898,1.0
894,0.9342105,0.09,0.99,-0.7163019,0.69779044,-0.7818315,0.6234898,1.0
895,1.1666666,0.0,0.82,-0.7163019,0.69779044,-0.7818315,0.6234898,1.0
896,0.0,0.0,0.0,0.0,0.0,0.0,0.0,0.0
897,0.88,0.11,0.9,-0.7163019,0.69779044,-0.7818315,0.6234898,1.0
898,0.0,0.0,0.0,0.0,0.0,0.0,0.0,0.0
899,0.7027027,0.18,0.84,-0.7163019,0.69779044,-0.7818315,0.6234898,1.0
900,0.8666666,0.03,0.97,-0.7163019,0.69779044,-0.7818315,0.6234898,1.0
901,1.5500001,0.0,0.7,-0.7163019,0.69779044,-0.7818315,0.6234898,1.0
902,0.0,0.0,0.0,0.0,0.0,0.0,0.0,0.0
903,0.0,0.0,0.0,0.0,0.0,0.0,0.0,0.0
904,0.0,0.0,0.0,0.0,0.0,0.0,0.0,0.0
905,1.0,0.01,0.7,-0.7163019,0.69779044,-0.7818315,0.6234898,1.0
906,0.0,0.0,0.0,0.0,0.0,0.0,0.0,0.0
907,0.0,0.0,0.0,0.0,0.0,0.0,0.0,0.0
908,0.0,0.0,0.0,0.0,0.0,0.0,0.0,0.0
909,0.877551,0.11,0.7,-0.7163019,0.69779044,-0.7818315,0.6234898,1.0
910,0.0,0.0,0.0,0.0,0.0,0.0,0.0,0.0
911,0.8529411,0.05,0.83,-0.7163019,0.69779044,-0.7818315,0.6234898,1.0
912,0.0,0.0,0.0,0.0,0.0,0.0,0.0,0.0
913,1.0,0.0,0.98,-0.7163019,0.69779044,-0.7818315,0.6234898,1.0
914,1.7666665,0.0,0.94,-0.7163019,0.69779044,-0.7818315,0.6234898,1.0
915,1.0,0.0,0.7,-0.7163019,0.69779044,-0.7818315,0.6234898,1.0
916,0.7741935,0.12,0.73,-0.7163019,0.69779044,-0.7818315,0.6234898,1.0
917,0.82222223,0.16,0.96,-0.7163019,0.69779044,-0.7818315,0.6234898,1.0
918,0.8787878,0.04,0.78,-0.7163019,0.69779044,-0.7818315,0.6234898,1.0
919,0.95049506,0.08,0.99,-0.7163019,0.69779044,-0.7818315,0.6234898,1.0
920,0.9791666,0.02,0.82,-0.7163019,0.69779044,-0.7818315,0.6234898,1.0
921,0.97142863,0.02,0.7,-0.7163019,0.69779044,-0.7818315,0.6234898,1.0
922,1.0,0.0,0.86,-0.7163019,0.69779044,-0.7818315,0.6234898,1.0
923,0.9767442,0.02,0.73,-0.7163019,0.69779044,-0.7818315,0.6234898,1.0
924,0.9545455,0.0,0.79,-0.7163019,0.69779044,-0.7818315,0.6234898,1.0
925,0.0,0.0,0.0,0.0,0.0,0.0,0.0,0.0
926,0.0,0.0,0.0,0.0,0.0,0.0,0.0,0.0
927,0.8333334,0.14,0.7,-0.7163019,0.69779044,-0.7818315,0.6234898,1.0
928,0.78378373,0.12,0.84,-0.7163019,0.69779044,-0.7818315,0.6234898,1.0
929,0.9166666,0.07,0.79,-0.7163019,0.69779044,-0.7818315,0.6234898,1.0
930,1.0,0.01,0.7,-0.7163019,0.69779044,-0.7818315,0.6234898,1.0
931,0.0,0.0,0.0,0.0,0.0,0.0,0.0,0.0
932,0.0,0.0,0.0,0.0,0.0,0.0,0.0,0.0
933,0.95049506,0.07,0.99,-0.7163019,0.69779044,-0.7818315,0.6234898,1.0
934,0.0,0.0,0.0,0.0,0.0,0.0,0.0,0.0
935,0.8333334,0.03,0.73,-0.7163019,0.69779044,-0.7818315,0.6234898,1.0
936,0.90243894,0.08,0.99,-0.7163019,0.69779044,-0.7818315,0.6234898,1.0
937,0.0,0.0,0.0,0.0,0.0,0.0,0.0,0.0
938,0.54545456,0.29,0.76,-0.7163019,0.69779044,-0.7818315,0.6234898,1.0
939,1.0,0.0,0.7,-0.7163019,0.69779044,-0.7818315,0.6234898,1.0
940,1.0,0.01,0.7,-0.7163019,0.69779044,-0.7818315,0.6234898,1.0
941,0.6,0.34,0.7,-0.7163019,0.69779044,-0.7818315,0.6234898,1.0
942,0.9705882,0.03,0.7,-0.7163019,0.69779044,-0.7818315,0.6234898,1.0
943,0.4,0.31,0.99,-0.7163019,0.69779044,-0.7818315,0.6234898,1.0
944,0.0,0.0,0.0,0.0,0.0,0.0,0.0,0.0
945,0.4615385,0.31,0.93,-0.7163019,0.69779044,-0.7818315,0.6234898,1.0
946,1.22,0.0,0.92,-0.7163019,0.69779044,-0.7818315,0.6234898,1.0
947,1.0294117,0.0,0.98,-0.7163019,0.69779044,-0.7818315,0.6234898,1.0
948,0.92592597,0.08,0.7,-0.7163019,0.69779044,-0.7818315,0.6234898,1.0
949,0.0,0.0,0.0,0.0,0.0,0.0,0.0,0.0
950,0.7,0.18,0.95,-0.7163019,0.69779044,-0.7818315,0.6234898,1.0
951,0.9459459,0.06,0.98,-0.7163019,0.69779044,-0.7818315,0.6234898,1.0
952,0.0,0.0,0.0,0.0,0.0,0.0,0.0,0.0
953,0.0,0.0,0.0,0.0,0.0,0.0,0.0,0.0
954,1.037037,0.0,0.7,-0.7163019,0.69779044,-0.7818315,0.6234898,1.0
955,0.76,0.21,0.7,-0.7163019,0.69779044,-0.7818315,0.6234898,1.0
956,0.6129032,0.24,0.99,-0.7163019,0.69779044,-0.7818315,0.6234898,1.0
957,0.57692313,0.28,0.9,-0.7163019,0.69779044,-0.7818315,0.6234898,1.0
958,0.9487179,0.04,0.74,-0.7163019,0.69779044,-0.7818315,0.6234898,1.0
959,0.9210526,0.07,0.9,-0.7163019,0.69779044,-0.7818315,0.6234898,1.0
960,0.724138,0.16,0.76,-0.7163019,0.69779044,-0.7818315,0.6234898,1.0
961,0.9333333,0.05,0.81,-0.7163019,0.69779044,-0.7818315,0.6234898,1.0
962,1.25,0.0,0.7,-0.7163019,0.69779044,-0.7818315,0.6234898,1.0
963,1.0,0.0,0.7,-0.7163019,0.69779044,-0.7818315,0.6234898,1.0
964,0.0,0.0,0.0,0.0,0.0,0.0,0.0,0.0
965,0.5833334,0.29,0.92,-0.7163019,0.69779044,-0.7818315,0.6234898,1.0
966,1.0,0.02,0.7,-0.7163019,0.69779044,-0.7818315,0.6234898,1.0
967,0.0,0.0,0.0,0.0,0.0,0.0,0.0,0.0
968,0.9166666,0.0,0.92,-0.7163019,0.69779044,-0.7818315,0.6234898,1.0
969,0.80769235,0.06,0.97,-0.7163019,0.69779044,-0.7818315,0.6234898,1.0
970,0.6904761,0.2,0.87,-0.7163019,0.69779044,-0.7818315,0.6234898,1.0
971,0.5,0.11,0.94,-0.7163019,0.69779044,-0.7818315,0.6234898,1.0
972,1.1794871,0.0,0.85,-0.7163019,0.69779044,-0.7818315,0.6234898,1.0
973,0.8,0.06,0.71,-0.7163019,0.69779044,-0.7818315,0.6234898,1.0
974,0.0,0.0,0.0,0.0,0.0,0.0,0.0,0.0
975,0.6666667,0.2,0.8,-0.7163019,0.69779044,-0.7818315,0.6234898,1.0
976,0.0,0.0,0.0,0.0,0.0,0.0,0.0,0.0
977,0.0,0.0,0.0,0.0,0.0,0.0,0.0,0.0
978,1.0769231,0.0,0.7,-0.7163019,0.69779044,-0.7818315,0.6234898,1.0
979,0.8888889,0.17,0.99,-0.7163019,0.69779044,-0.7818315,0.6234898,1.0
980,0.88888896,0.0,0.8,-0.7163019,0.69779044,-0.7818315,0.6234898,1.0
981,1.1764706,0.0,0.97,-0.7163019,0.69779044,-0.7818315,0.6234898,1.0
982,1.0,0.0,0.99,-0.7163019,0.69779044,-0.7818315,0.6234898,1.0
983,0.724138,0.14,0.98,-0.7163019,0.69779044,-0.7818315,0.6234898,1.0
984,1.0,0.0,0.7,-0.7163019,0.69779044,-0.7818315,0.6234898,1.0
985,0.8333333,0.14,0.82,-0.7163019,0.69779044,-0.7818315,0.6234898,1.0
986,1.0,0.01,0.74,-0.7163019,0.69779044,-0.7818315,0.6234898,1.0
987,0.7083333,0.14,0.73,-0.7163019,0.69779044,-0.7818315,0.6234898,1.0
988,1.3,0.0,0.7,-0.7163019,0.69779044,-0.7818315,0.6234898,1.0
989,1.0,0.01,0.99,-0.7163019,0.69779044,-0.7818315,0.6234898,1.0
990,0.0,0.0,0.0,0.0,0.0,0.0,0.0,0.0
991,0.86,0.12,0.97,-0.7163019,0.69779044,-0.7818315,0.6234898,1.0
992,0.82352936,0.08,0.86,-0.7163019,0.69779044,-0.7818315,0.6234898,1.0
993,1.0416666,0.0,0.7,-0.7163019,0.69779044,-0.7818315,0.6234898,1.0
994,0.8958333,0.1,0.75,-0.7163019,0.69779044,-0.7818315,0.6234898,1.0
995,1.0,0.0,0.99,-0.7163019,0.69779044,-0.7818315,0.6234898,1.0
996,0.8965518,0.01,0.78,-0.7163019,0.69779044,-0.7818315,0.6234898,1.0
997,0.0,0.0,0.0,0.0,0.0,0.0,0.0,0.0
998,1.0625,0.0,0.99,-0.7163019,0.69779044,-0.7818315,0.6234898,1.0
999,0.77777773,0.19,0.77,-0.7163019,0.69779044,-0.7818315,0.6234898,1.0
1000,0.7407408,0.14,0.71,-0.7163019,0.69779044,-0.7818315,0.6234898,1.0
1001,0.0,0.0,0.0,0.0,0.0,0.0,0.0,0.0
1002,0.8235294,0.01,0.78,-0.7163019,0.69779044,-0.7818315,0.6234898,1.0
1003,0.0,0.0,0.0,0.0,0.0,0.0,0.0,0.0
1004,1.0,0.0,0.7,-0.7163019,0.69779044,-0.7818315,0.6234898,1.0
1005,0.88372093,0.1,0.94,-0.7163019,0.69779044,-0.7818315,0.6234898,1.0
1006,1.0,0.0,0.7,-0.7163019,0.69779044,-0.7818315,0.6234898,1.0
1007,0.0,0.0,0.0,0.0,0.0,0.0,0.0,0.0
1008,0.64285713,0.25,0.83,-0.7163019,0.69779044,-0.7818315,0.6234898,1.0
1009,1.0857143,0.0,0.77,-0.7163019,0.69779044,-0.7818315,0.6234898,1.0
1010,1.1666665,0.0,0.7,-0.7163019,0.69779044,-0.7818315,0.6234898,1.0
1011,0.8965518,0.1,0.94,-0.7163019,0.69779044,-0.7818315,0.6234898,1.0
1012,1.1379311,0.0,0.89,-0.7163019,0.69779044,-0.7818315,0.6234898,1.0
1013,0.0,0.0,0.0,0.0,0.0,0.0,0.0,0.0
1014,0.0,0.0,0.0,0.0,0.0,0.0,0.0,0.0
1015,0.0,0.0,0.0,0.0,0.0,0.0,0.0,0.0
1016,0.9166666,0.0,0.73,-0.7163019,0.69779044,-0.7818315,0.6234898,1.0
1017,0.65,0.23,0.84,-0.7163019,0.69779044,-0.7818315,0.6234898,1.0
1018,0.0,0.0,0.0,0.0,0.0,0.0,0.0,0.0
1019,0.7741935,0.12,0.75,-0.7163019,0.69779044,-0.7818315,0.6234898,1.0
1020,1.9666667,0.0,0.78,-0.7163019,0.69779044,-0.7818315,0.6234898,1.0
1021,1.0,0.0,0.86,-0.7163019,0.69779044,-0.7818315,0.6234898,1.0
1022,0.8571429,0.12,0.7,-0.7163019,0.69779044,-0.7818315,0.6234898,1.0
1023,0.0,0.0,0.0,0.0,0.0,0.0,0.0,0.0
1024,0.8055555,0.17,0.7,-0.7163019,0.69779044,-0.7818315,0.6234898,1.0
1025,0.9032257,0.0,0.86,-0.7163019,0.69779044,-0.7818315,0.6234898,1.0
1026,0.6666666,0.21,0.86,-0.7163019,0.69779044,-0.7818315,0.6234898,1.0
1027,0.62500006,0.23,0.79,-0.7163019,0.69779044,-0.7818315,0.6234898,1.0
1028,1.0454546,0.0,0.7,-0.7163019,0.69779044,-0.7818315,0.6234898,1.0
1029,0.0,0.0,0.0,0.0,0.0,0.0,0.0,0.0
1030,0.8285714,0.07,0.98,-0.7163019,0.69779044,-0.7818315,0.6234898,1.0
1031,1.1521739,0.0,0.85,-0.7163019,0.69779044,-0.7818315,0.6234898,1.0
1032,0.81081086,0.09,0.85,-0.7163019,0.69779044,-0.7818315,0.6234898,1.0
1033,0.0,0.0,0.0,0.0,0.0,0.0,0.0,0.0
1034,0.5714286,0.25,0.99,-0.7163019,0.69779044,-0.7818315,0.6234898,1.0
1035,0.5263158,0.29,0.7,-0.7163019,0.69779044,-0.7818315,0.6234898,1.0
1036,1.06,0.0,0.99,-0.7163019,0.69779044,-0.7818315,0.6234898,1.0
1037,1.0333333,0.0,0.77,-0.7163019,0.69779044,-0.7818315,0.6234898,1.0
1038,0.75,0.22,0.7,-0.7163019,0.69779044,-0.7818315,0.6234898,1.0
1039,0.81632656,0.15,0.76,-0.7163019,0.69779044,-0.7818315,0.6234898,1.0
1040,1.0243902,0.0,0.99,-0.7163019,0.69779044,-0.7818315,0.6234898,1.0
1041,1.2903225,0.0,0.78,-0.7163019,0.69779044,-0.7818315,0.6234898,1.0
1042,0.0,0.0,0.0,0.0,0.0,0.0,0.0,0.0
1043,0.6136364,0.34,0.7,-0.7163019,0.69779044,-0.7818315,0.6234898,1.0
1044,0.8055555,0.11,0.98,-0.7163019,0.69779044,-0.7818315,0.6234898,1.0
1045,0.7560976,0.21,0.7,-0.7163019,0.69779044,-0.7818315,0.6234898,1.0
1046,0.6129032,0.24,0.89,-0.7163019,0.69779044,-0.7818315,0.6234898,1.0
1047,1.263158,0.0,0.85,-0.7163019,0.69779044,-0.7818315,0.6234898,1.0
1048,0.8157895,0.08,0.81,-0.7163019,0.69779044,-0.7818315,0.6234898,1.0
1049,1.06,0.0,0.82,-0.7163019,0.69779044,-0.7818315,0.6234898,1.0
1050,0.78125,0.19,0.98,-0.7163019,0.69779044,-0.7818315,0.6234898,1.0
1051,0.95,0.0,0.94,-0.7163019,0.69779044,-0.7818315,0.6234898,1.0
1052,0.0,0.0,0.0,0.0,0.0,0.0,0.0,0.0
1053,1.0,0.0,0.7,-0.7163019,0.69779044,-0.7818315,0.6234898,1.0
1054,1.06,0.0,0.99,-0.7163019,0.69779044,-0.7818315,0.6234898,1.0
1055,0.9666665,0.04,0.97,-0.7163019,0.69779044,-0.7818315,0.6234898,1.0
1056,0.0,0.0,0.0,0.0,0.0,0.0,0.0,0.0
1057,0.86363643,0.11,0.94,-0.7163019,0.69779044,-0.7818315,0.6234898,1.0
1058,1.4200001,0.0,0.83,-0.7163019,0.69779044,-0.7818315,0.6234898,1.0
1059,0.88235295,0.03,0.75,-0.7163019,0.69779044,-0.7818315,0.6234898,1.0
1060,0.5666666,0.29,0.73,-0.7163019,0.69779044,-0.7818315,0.6234898,1.0
1061,0.9642857,0.01,0.83,-0.7163019,0.69779044,-0.7818315,0.6234898,1.0
1062,0.61538464,0.24,0.85,-0.7163019,0.69779044,-0.7818315,0.6234898,1.0
1063,0.0,0.0,0.0,0.0,0.0,0.0,0.0,0.0
1064,1.0124999,0.0,0.99,-0.7163019,0.69779044,-0.7818315,0.6234898,1.0
1065,0.0,0.0,0.0,0.0,0.0,0.0,0.0,0.0
1066,0.0,0.0,0.0,0.0,0.0,0.0,0.0,0.0
1067,0.78787875,0.2,0.82,-0.7163019,0.69779044,-0.7818315,0.6234898,1.0
1068,0.7446808,0.23,0.85,-0.7163019,0.69779044,-0.7818315,0.6234898,1.0
1069,0.0,0.0,0.0,0.0,0.0,0.0,0.0,0.0
1070,0.5666666,0.29,0.98,-0.7163019,0.69779044,-0.7818315,0.6234898,1.0
1071,0.86363643,0.11,0.89,-0.7163019,0.69779044,-0.7818315,0.6234898,1.0
1072,0.0,0.0,0.0,0.0,0.0,0.0,0.0,0.0
1073,0.0,0.0,0.0,0.0,0.0,0.0,0.0,0.0
1074,0.0,0.0,0.0,0.0,0.0,0.0,0.0,0.0
1075,0.8387096,0.06,0.89,-0.7163019,0.69779044,-0.7818315,0.6234898,1.0
1076,0.9767442,0.01,0.7,-0.7163019,0.69779044,-0.7818315,0.6234898,1.0
1077,0.54838705,0.3,0.85,-0.7163019,0.69779044,-0.7818315,0.6234898,1.0
1078,1.0799999,0.0,0.82,-0.7163019,0.69779044,-0.7818315,0.6234898,1.0
1079,0.0,0.0,0.0,0.0,0.0,0.0,0.0,0.0
1080,0.6333333,0.24,0.98,-0.7163019,0.69779044,-0.7818315,0.6234898,1.0
1081,0.76470584,0.14,0.83,-0.7163019,0.69779044,-0.7818315,0.6234898,1.0
1082,0.9705882,0.02,0.7,-0.7163019,0.69779044,-0.7818315,0.6234898,1.0
1083,1.0,0.0,0.7,-0.7163019,0.69779044,-0.7818315,0.6234898,1.0
1084,0.8571428,0.12,0.92,-0.7163019,0.69779044,-0.7818315,0.6234898,1.0
1085,1.0,0.0,0.7,-0.7163019,0.69779044,-0.7818315,0.6234898,1.0
1086,0.0,0.0,0.0,0.0,0.0,0.0,0.0,0.0
1087,0.91176474,0.09,0.99,-0.7163019,0.69779044,-0.7818315,0.6234898,1.0
1088,0.8181818,0.08,0.91,-0.7163019,0.69779044,-0.7818315,0.6234898,1.0
1089,1.3,0.0,0.8,-0.7163019,0.69779044,-0.7818315,0.6234898,1.0
1090,0.7560976,0.21,0.93,-0.7163019,0.69779044,-0.7818315,0.6234898,1.0
1091,0.9032257,0.09,0.7,-0.7163019,0.69779044,-0.7818315,0.6234898,1.0
1092,0.84999996,0.0,0.73,-0.7163019,0.69779044,-0.7818315,0.6234898,1.0
1093,0.8780488,0.1,0.9,-0.7163019,0.69779044,-0.7818315,0.6234898,1.0
1094,0.4090909,0.39,0.99,-0.7163019,0.69779044,-0.7818315,0.6234898,1.0
1095,0.6666667,0.29,0.7,-0.7163019,0.69779044,-0.7818315,0.6234898,1.0
1096,0.9268293,0.05,0.97,-0.7163019,0.69779044,-0.7818315,0.6234898,1.0
1097,0.92957747,0.06,0.99,-0.7163019,0.69779044,-0.7818315,0.6234898,1.0
1098,0.9666665,0.02,0.83,-0.7163019,0.69779044,-0.7818315,0.6234898,1.0
1099,0.0,0.0,0.0,0.0,0.0,0.0,0.0,0.0
1100,0.54,0.34,0.88,-0.7163019,0.69779044,-0.7818315,0.6234898,1.0
1101,0.8205128,0.1,0.82,-0.7163019,0.69779044,-0.7818315,0.6234898,1.0
1102,0.0,0.0,0.0,0.0,0.0,0.0,0.0,0.0
1103,1.3333334,0.0,0.93,-0.7163019,0.69779044,-0.7818315,0.6234898,1.0
1104,0.7083333,0.16,0.72,-0.7163019,0.69779044,-0.7818315,0.6234898,1.0
1105,0.86,0.12,0.7,-0.7163019,0.69779044,-0.7818315,0.6234898,1.0
1106,0.0,0.0,0.0,0.0,0.0,0.0,0.0,0.0
1107,0.53125,0.32,0.73,-0.7163019,0.69779044,-0.7818315,0.6234898,1.0
1108,1.0,0.0,0.73,-0.7163019,0.69779044,-0.7818315,0.6234898,1.0
1109,1.3,0.0,0.7,-0.7163019,0.69779044,-0.7818315,0.6234898,1.0
1110,0.0,0.0,0.0,0.0,0.0,0.0,0.0,0.0
1111,0.9473684,0.04,0.81,-0.7163019,0.69779044,-0.7818315,0.6234898,1.0
1112,0.9565217,0.04,0.7,-0.7163019,0.69779044,-0.7818315,0.6234898,1.0
1113,1.14,0.0,0.78,-0.7163019,0.69779044,-0.7818315,0.6234898,1.0
1114,0.9800001,0.01,0.83,-0.7163019,0.69779044,-0.7818315,0.6234898,1.0
1115,0.5,0.35,0.97,-0.7163019,0.69779044,-0.7818315,0.6234898,1.0
1116,0.0,0.0,0.0,0.0,0.0,0.0,0.0,0.0
1117,0.65,0.24,0.78,-0.7163019,0.69779044,-0.7818315,0.6234898,1.0
1118,0.82978725,0.16,0.99,-0.7163019,0.69779044,-0.7818315,0.6234898,1.0
1119,1.0,0.0,0.93,-0.7163019,0.69779044,-0.7818315,0.6234898,1.0
1120,0.6666667,0.22,0.99,-0.7163019,0.69779044,-0.7818315,0.6234898,1.0
1121,0.8421052,0.14,0.7,-0.7163019,0.69779044,-0.7818315,0.6234898,1.0
1122,1.0,0.0,0.7,-0.7163019,0.69779044,-0.7818315,0.6234898,1.0
1123,0.0,0.0,0.0,0.0,0.0,0.0,0.0,0.0
1124,0.0,0.0,0.0,0.0,0.0,0.0,0.0,0.0
1125,0.0,0.0,0.0,0.0,0.0,0.0,0.0,0.0
1126,0.0,0.0,0.0,0.0,0.0,0.0,0.0,0.0
1127,0.6774193,0.2,0.99,-0.7163019,0.69779044,-0.7818315,0.6234898,1.0
1128,0.26923078,0.84,0.95,-0.7163019,0.69779044,-0.7818315,0.6234898,1.0
1129,1.0,0.0,0.7,-0.7163019,0.69779044,-0.7818315,0.6234898,1.0
1130,1.2499999,0.0,0.78,-0.7163019,0.69779044,-0.7818315,0.6234898,1.0
1131,0.0,0.0,0.0,0.0,0.0,0.0,0.0,0.0
1132,0.0,0.0,0.0,0.0,0.0,0.0,0.0,0.0
1133,1.08,0.0,0.73,-0.7163019,0.69779044,-0.7818315,0.6234898,1.0
1134,0.9,0.08,0.9,-0.7163019,0.69779044,-0.7818315,0.6234898,1.0
1135,1.122449,0.0,0.92,-0.7163019,0.69779044,-0.7818315,0.6234898,1.0
1136,1.0,0.01,0.7,-0.7163019,0.69779044,-0.7818315,0.6234898,1.0
1137,1.0333333,0.0,0.89,-0.7163019,0.69779044,-0.7818315,0.6234898,1.0
1138,1.0,0.0,0.7,-0.7163019,0.69779044,-0.7818315,0.6234898,1.0
1139,0.79999995,0.16,0.7,-0.7163019,0.69779044,-0.7818315,0.6234898,1.0
1140,0.0,0.0,0.0,0.0,0.0,0.0,0.0,0.0
1141,1.1351352,0.0,0.96,-0.7163019,0.69779044,-0.7818315,0.6234898,1.0
1142,0.9354837,0.0,0.98,-0.7163019,0.69779044,-0.7818315,0.6234898,1.0
1143,0.86363643,0.02,0.79,-0.7163019,0.69779044,-0.7818315,0.6234898,1.0
1144,1.060606,0.0,0.81,-0.7163019,0.69779044,-0.7818315,0.6234898,1.0
1145,0.79999995,0.01,0.73,-0.7163019,0.69779044,-0.7818315,0.6234898,1.0
1146,1.0555556,0.0,0.97,-0.7163019,0.69779044,-0.7818315,0.6234898,1.0
1147,0.3,0.84,0.9,-0.7163019,0.69779044,-0.7818315,0.6234898,1.0
1148,0.0,0.0,0.0,0.0,0.0,0.0,0.0,0.0
1149,0.7777778,0.12,0.99,-0.7163019,0.69779044,-0.7818315,0.6234898,1.0
1150,1.0576923,0.0,0.99,-0.7163019,0.69779044,-0.7818315,0.6234898,1.0
1151,1.025,0.0,0.94,-0.7163019,0.69779044,-0.7818315,0.6234898,1.0
1152,0.0,0.0,0.0,0.0,0.0,0.0,0.0,0.0
1153,1.0999999,0.0,0.91,-0.7163019,0.69779044,-0.7818315,0.6234898,1.0
1154,0.0,0.0,0.0,0.0,0.0,0.0,0.0,0.0
1155,0.0,0.0,0.0,0.0,0.0,0.0,0.0,0.0
1156,0.0,0.0,0.0,0.0,0.0,0.0,0.0,0.0
1157,0.0,0.0,0.0,0.0,0.0,0.0,0.0,0.0
1158,0.91999996,0.05,0.7,-0.7163019,0.69779044,-0.7818315,0.6234898,1.0
1159,0.0,0.0,0.0,0.0,0.0,0.0,0.0,0.0
1160,0.6956522,0.26,0.7,-0.7163019,0.69779044,-0.7818315,0.6234898,1.0
1161,1.7400001,0.0,0.77,-0.7163019,0.69779044,-0.7818315,0.6234898,1.0
1162,1.1290321,0.0,0.98,-0.7163019,0.69779044,-0.7818315,0.6234898,1.0
1163,1.1666665,0.0,0.99,-0.7163019,0.69779044,-0.7818315,0.6234898,1.0
1164,1.2653061,0.0,0.78,-0.7163019,0.69779044,-0.7818315,0.6234898,1.0
1165,0.71428573,0.19,0.77,-0.7163019,0.69779044,-0.7818315,0.6234898,1.0
1166,0.0,0.0,0.0,0.0,0.0,0.0,0.0,0.0
1167,1.0,0.0,0.7,-0.7163019,0.69779044,-0.7818315,0.6234898,1.0
1168,1.0,0.0,0.7,-0.7163019,0.69779044,-0.7818315,0.6234898,1.0
1169,0.0,0.0,0.0,0.0,0.0,0.0,0.0,0.0
1170,0.77777773,0.2,0.78,-0.7163019,0.69779044,-0.7818315,0.6234898,1.0
1171,0.9545455,0.04,0.94,-0.7163019,0.69779044,-0.7818315,0.6234898,1.0
1172,1.0,0.0,0.7,-0.7163019,0.69779044,-0.7818315,0.6234898,1.0
1173,1.0999999,0.0,0.7,-0.7163019,0.69779044,-0.7818315,0.6234898,1.0
1174,0.76470584,0.11,0.77,-0.7163019,0.69779044,-0.7818315,0.6234898,1.0
1175,0.9800001,0.01,0.92,-0.7163019,0.69779044,-0.7818315,0.6234898,1.0
1176,0.68292683,0.21,0.79,-0.7163019,0.69779044,-0.7818315,0.6234898,1.0
1177,0.6923077,0.15,0.99,-0.7163019,0.69779044,-0.7818315,0.6234898,1.0
1178,1.8444444,0.0,0.7,-0.7163019,0.69779044,-0.7818315,0.6234898,1.0
1179,0.93103456,0.05,0.86,-0.7163019,0.69779044,-0.7818315,0.6234898,1.0
1180,0.93333334,0.04,0.99,-0.7163019,0.69779044,-0.7818315,0.6234898,1.0
1181,0.0,0.0,0.0,0.0,0.0,0.0,0.0,0.0
1182,0.62857145,0.24,0.86,-0.7163019,0.69779044,-0.7818315,0.6234898,1.0
1183,1.0,0.0,0.7,-0.7163019,0.69779044,-0.7818315,0.6234898,1.0
1184,0.78787875,0.18,0.7,-0.7163019,0.69779044,-0.7818315,0.6234898,1.0
1185,1.1282051,0.0,0.88,-0.7163019,0.69779044,-0.7818315,0.6234898,1.0
1186,1.26,0.0,0.92,-0.7163019,0.69779044,-0.7818315,0.6234898,1.0
1187,1.02,0.0,0.83,-0.7163019,0.69779044,-0.7818315,0.6234898,1.0
1188,0.0,0.0,0.0,0.0,0.0,0.0,0.0,0.0
1189,1.0,0.0,0.7,-0.7163019,0.69779044,-0.7818315,0.6234898,1.0
1190,1.0652175,0.0,0.8,-0.7163019,0.69779044,-0.7818315,0.6234898,1.0
1191,0.78378373,0.13,0.81,-0.7163019,0.69779044,-0.7818315,0.6234898,1.0
1192,0.0,0.0,0.0,0.0,0.0,0.0,0.0,0.0
1193,0.84444445,0.13,0.89,-0.7163019,0.69779044,-0.7818315,0.6234898,1.0
1194,0.0,0.0,0.0,0.0,0.0,0.0,0.0,0.0
1195,1.1621622,0.0,0.85,-0.7163019,0.69779044,-0.7818315,0.6234898,1.0
1196,1.0333333,0.0,0.95,-0.7163019,0.69779044,-0.7818315,0.6234898,1.0
1197,0.80645156,0.09,0.76,-0.7163019,0.69779044,-0.7818315,0.6234898,1.0
1198,0.9583333,0.03,0.7,-0.7163019,0.69779044,-0.7818315,0.6234898,1.0
1199,0.94,0.06,0.92,-0.7163019,0.69779044,-0.7818315,0.6234898,1.0
1200,0.82352936,0.15,0.7,-0.7163019,0.69779044,-0.7818315,0.6234898,1.0
1201,0.0,0.0,0.0,0.0,0.0,0.0,0.0,0.0
1202,0.96000004,0.04,0.96,-0.7163019,0.69779044,-0.7818315,0.6234898,1.0
1203,0.4814815,0.36,0.99,-0.7163019,0.69779044,-0.7818315,0.6234898,1.0
1204,1.0,0.0,0.98,-0.7163019,0.69779044,-0.7818315,0.6234898,1.0
1205,0.72727275,0.15,0.72,-0.7163019,0.69779044,-0.7818315,0.6234898,1.0
1206,1.12,0.0,0.89,-0.7163019,0.69779044,-0.7818315,0.6234898,1.0
1207,1.0612245,0.0,0.83,-0.7163019,0.69779044,-0.7818315,0.6234898,1.0
1208,0.9777778,0.02,0.95,-0.7163019,0.69779044,-0.7818315,0.6234898,1.0
1209,0.6875,0.18,0.83,-0.7163019,0.69779044,-0.7818315,0.6234898,1.0
1210,0.6666667,0.3,0.78,-0.7163019,0.69779044,-0.7818315,0.6234898,1.0
1211,1.0,0.02,0.7,-0.7163019,0.69779044,-0.7818315,0.6234898,1.0
1212,0.9130435,0.0,0.9,-0.7163019,0.69779044,-0.7818315,0.6234898,1.0
1213,0.8620691,0.04,0.99,-0.7163019,0.69779044,-0.7818315,0.6234898,1.0
1214,0.8723404,0.12,0.75,-0.7163019,0.69779044,-0.7818315,0.6234898,1.0
1215,0.74,0.23,0.78,-0.7163019,0.69779044,-0.7818315,0.6234898,1.0
1216,0.88888896,0.09,0.85,-0.7163019,0.69779044,-0.7818315,0.6234898,1.0
1217,0.0,0.0,0.0,0.0,0.0,0.0,0.0,0.0
1218,0.0,0.0,0.0,0.0,0.0,0.0,0.0,0.0
1219,0.0,0.0,0.0,0.0,0.0,0.0,0.0,0.0
1220,0.875,0.02,0.85,-0.7163019,0.69779044,-0.7818315,0.6234898,1.0
1221,0.0,0.0,0.0,0.0,0.0,0.0,0.0,0.0
1222,0.0,0.0,0.0,0.0,0.0,0.0,0.0,0.0
1223,0.0,0.0,0.0,0.0,0.0,0.0,0.0,0.0
1224,0.9583333,0.05,0.8,-0.7163019,0.69779044,-0.7818315,0.6234898,1.0
1225,0.962963,0.02,0.7,-0.7163019,0.69779044,-0.7818315,0.6234898,1.0
1226,0.96969694,0.02,0.7,-0.7163019,0.69779044,-0.7818315,0.6234898,1.0
1227,0.8999999,0.08,0.83,-0.7163019,0.69779044,-0.7818315,0.6234898,1.0
1228,1.0,0.01,0.88,-0.7163019,0.69779044,-0.7818315,0.6234898,1.0
1229,0.0,0.0,0.0,0.0,0.0,0.0,0.0,0.0
1230,1.0666666,0.0,0.92,-0.7163019,0.69779044,-0.7818315,0.6234898,1.0
1231,0.0,0.0,0.0,0.0,0.0,0.0,0.0,0.0
1232,0.0,0.0,0.0,0.0,0.0,0.0,0.0,0.0
1233,0.625,0.26,0.82,-0.7163019,0.69779044,-0.7818315,0.6234898,1.0
1234,1.16,0.0,0.83,-0.7163019,0.69779044,-0.7818315,0.6234898,1.0
1235,0.8863637,0.09,0.93,-0.7163019,0.69779044,-0.7818315,0.6234898,1.0
1236,0.0,0.0,0.0,0.0,0.0,0.0,0.0,0.0
1237,0.78125,0.19,0.7,-0.7163019,0.69779044,-0.7818315,0.6234898,1.0
1238,0.0,0.0,0.0,0.0,0.0,0.0,0.0,0.0
1239,0.0,0.0,0.0,0.0,0.0,0.0,0.0,0.0
1240,1.1,0.0,0.76,-0.7163019,0.69779044,-0.7818315,0.6234898,1.0
1241,0.0,0.0,0.0,0.0,0.0,0.0,0.0,0.0
1242,0.0,0.0,0.0,0.0,0.0,0.0,0.0,0.0
1243,0.0,0.0,0.0,0.0,0.0,0.0,0.0,0.0
1244,0.9240507,0.11,0.99,-0.7163019,0.69779044,-0.7818315,0.6234898,1.0
1245,1.0,0.0,0.7,-0.7163019,0.69779044,-0.7818315,0.6234898,1.0
1246,1.0689657,0.0,0.86,-0.7163019,0.69779044,-0.7818315,0.6234898,1.0
1247,0.95,0.04,0.7,-0.7163019,0.69779044,-0.7818315,0.6234898,1.0
1248,0.6363636,0.23,0.99,-0.7163019,0.69779044,-0.7818315,0.6234898,1.0
1249,0.0,0.0,0.0,0.0,0.0,0.0,0.0,0.0
1250,0.7931035,0.18,0.7,-0.7163019,0.69779044,-0.7818315,0.6234898,1.0
1251,0.8666667,0.12,0.99,-0.7163019,0.69779044,-0.7818315,0.6234898,1.0
1252,0.0,0.0,0.0,0.0,0.0,0.0,0.0,0.0
1253,0.9583333,0.04,0.97,-0.7163019,0.69779044,-0.7818315,0.6234898,1.0
1254,1.138889,0.0,0.91,-0.7163019,0.69779044,-0.7818315,0.6234898,1.0
1255,0.0,0.0,0.0,0.0,0.0,0.0,0.0,0.0
1256,1.2972974,0.0,0.93,-0.7163019,0.69779044,-0.7818315,0.6234898,1.0
1257,0.64,0.22,0.94,-0.7163019,0.69779044,-0.7818315,0.6234898,1.0
1258,0.6969697,0.2,0.97,-0.7163019,0.69779044,-0.7818315,0.6234898,1.0
1259,0.826087,0.15,0.7,-0.7163019,0.69779044,-0.7818315,0.6234898,1.0
1260,0.0,0.0,0.0,0.0,0.0,0.0,0.0,0.0
1261,0.8333333,0.15,0.99,-0.7163019,0.69779044,-0.7818315,0.6234898,1.0
1262,0.0,0.0,0.0,0.0,0.0,0.0,0.0,0.0
1263,1.0,0.0,0.7,-0.7163019,0.69779044,-0.7818315,0.6234898,1.0
1264,0.7916667,0.18,0.7,-0.7163019,0.69779044,-0.7818315,0.6234898,1.0
1265,0.4074074,0.27,0.99,-0.7163019,0.69779044,-0.7818315,0.6234898,1.0
1266,1.2800001,0.0,0.97,-0.7163019,0.69779044,-0.7818315,0.6234898,1.0
1267,0.0,0.0,0.0,0.0,0.0,0.0,0.0,0.0
1268,0.6571429,0.29,0.7,-0.7163019,0.69779044,-0.7818315,0.6234898,1.0
1269,0.71999997,0.24,0.98,-0.7163019,0.69779044,-0.7818315,0.6234898,1.0
1270,0.6122449,0.29,0.82,-0.7163019,0.69779044,-0.7818315,0.6234898,1.0
1271,0.74285716,0.15,0.99,-0.7163019,0.69779044,-0.7818315,0.6234898,1.0
1272,0.0,0.0,0.0,0.0,0.0,0.0,0.0,0.0
1273,0.7307693,0.12,0.87,-0.7163019,0.69779044,-0.7818315,0.6234898,1.0
1274,1.0,0.0,0.7,-0.7163019,0.69779044,-0.7818315,0.6234898,1.0
1275,0.9285714,0.0,0.72,-0.7163019,0.69779044,-0.7818315,0.6234898,1.0
1276,0.0,0.0,0.0,0.0,0.0,0.0,0.0,0.0
1277,0.8095238,0.02,0.73,-0.7163019,0.69779044,-0.7818315,0.6234898,1.0
1278,0.7916667,0.18,0.7,-0.7163019,0.69779044,-0.7818315,0.6234898,1.0
1279,0.0,0.0,0.0,0.0,0.0,0.0,0.0,0.0
1280,0.8999999,0.08,0.7,-0.7163019,0.69779044,-0.7818315,0.6234898,1.0
1281,0.0,0.0,0.0,0.0,0.0,0.0,0.0,0.0
1282,0.0,0.0,0.0,0.0,0.0,0.0,0.0,0.0
1283,0.9756097,0.03,0.99,-0.7163019,0.69779044,-0.7818315,0.6234898,1.0
1284,1.0,0.0,0.7,-0.7163019,0.69779044,-0.7818315,0.6234898,1.0
1285,1.1379311,0.0,0.86,-0.7163019,0.69779044,-0.7818315,0.6234898,1.0
1286,1.0571429,0.0,0.85,-0.7163019,0.69779044,-0.7818315,0.6234898,1.0
1287,0.7,0.26,0.7,-0.7163019,0.69779044,-0.7818315,0.6234898,1.0
1288,0.68,0.17,0.83,-0.7163019,0.69779044,-0.7818315,0.6234898,1.0
1289,0.0,0.0,0.0,0.0,0.0,0.0,0.0,0.0
1290,0.6666667,0.22,0.72,-0.7163019,0.69779044,-0.7818315,0.6234898,1.0
1291,1.0,0.0,0.84,-0.7163019,0.69779044,-0.7818315,0.6234898,1.0
1292,1.0487804,0.0,0.99,-0.7163019,0.69779044,-0.7818315,0.6234898,1.0
1293,0.0,0.0,0.0,0.0,0.0,0.0,0.0,0.0
1294,0.69230765,0.19,0.95,-0.7163019,0.69779044,-0.7818315,0.6234898,1.0
1295,0.0,0.0,0.0,0.0,0.0,0.0,0.0,0.0
1296,1.0,0.0,0.88,-0.7163019,0.69779044,-0.7818315,0.6234898,1.0
1297,0.90243906,0.08,0.93,-0.7163019,0.69779044,-0.7818315,0.6234898,1.0
1298,0.0,0.0,0.0,0.0,0.0,0.0,0.0,0.0
1299,0.9333333,0.06,0.92,-0.7163019,0.69779044,-0.7818315,0.6234898,1.0
1300,0.5,0.31,0.86,-0.7163019,0.69779044,-0.7818315,0.6234898,1.0
1301,0.59999996,0.27,0.87,-0.7163019,0.69779044,-0.7818315,0.6234898,1.0
1302,0.0,0.0,0.0,0.0,0.0,0.0,0.0,0.0
1303,0.96875006,0.02,0.7,-0.7163019,0.69779044,-0.7818315,0.6234898,1.0
1304,0.65,0.3,0.94,-0.7163019,0.69779044,-0.7818315,0.6234898,1.0
1305,1.0,0.0,0.7,-0.7163019,0.69779044,-0.7818315,0.6234898,1.0
1306,0.0,0.0,0.0,0.0,0.0,0.0,0.0,0.0
1307,1.9,0.0,0.78,-0.7163019,0.69779044,-0.7818315,0.6234898,1.0
1308,1.3,0.0,0.74,-0.7163019,0.69779044,-0.7818315,0.6234898,1.0
1309,0.8999999,0.08,0.91,-0.7163019,0.69779044,-0.7818315,0.6234898,1.0
1310,0.0,0.0,0.0,0.0,0.0,0.0,0.0,0.0
1311,1.1704546,0.0,0.99,-0.7163019,0.69779044,-0.7818315,0.6234898,1.0
1312,0.7222222,0.24,0.7,-0.7163019,0.69779044,-0.7818315,0.6234898,1.0
1313,1.0769231,0.0,0.7,-0.7163019,0.69779044,-0.7818315,0.6234898,1.0
1314,1.12,0.0,0.99,-0.7163019,0.69779044,-0.7818315,0.6234898,1.0
1315,1.1428571,0.0,0.77,-0.7163019,0.69779044,-0.7818315,0.6234898,1.0
1316,0.74193543,0.22,0.7,-0.7163019,0.69779044,-0.7818315,0.6234898,1.0
1317,0.9615385,0.0,0.89,-0.7163019,0.69779044,-0.7818315,0.6234898,1.0
1318,0.6382979,0.24,0.88,-0.7163019,0.69779044,-0.7818315,0.6234898,1.0
1319,0.54347825,0.35,0.93,-0.7163019,0.69779044,-0.7818315,0.6234898,1.0
1320,0.7727273,0.09,0.83,-0.7163019,0.69779044,-0.7818315,0.6234898,1.0
1321,1.0357141,0.0,0.7,-0.7163019,0.69779044,-0.7818315,0.6234898,1.0
1322,1.0999999,0.0,0.93,-0.7163019,0.69779044,-0.7818315,0.6234898,1.0
1323,0.0,0.0,0.0,0.0,0.0,0.0,0.0,0.0
1324,1.15625,0.0,0.89,-0.7163019,0.69779044,-0.7818315,0.6234898,1.0
1325,0.61538464,0.24,0.9,-0.7163019,0.69779044,-0.7818315,0.6234898,1.0
1326,0.9729729,0.02,0.9,-0.7163019,0.69779044,-0.7818315,0.6234898,1.0
1327,1.125,0.0,0.9,-0.7163019,0.69779044,-0.7818315,0.6234898,1.0
1328,0.93749994,0.05,0.75,-0.7163019,0.69779044,-0.7818315,0.6234898,1.0
1329,0.0,0.0,0.0,0.0,0.0,0.0,0.0,0.0
1330,0.9800001,0.01,0.73,-0.7163019,0.69779044,-0.7818315,0.6234898,1.0
1331,0.8148148,0.08,0.71,-0.7163019,0.69779044,-0.7818315,0.6234898,1.0
1332,1.0810812,0.0,0.87,-0.7163019,0.69779044,-0.7818315,0.6234898,1.0
1333,0.0,0.0,0.0,0.0,0.0,0.0,0.0,0.0
1334,0.74285716,0.14,0.78,-0.7163019,0.69779044,-0.7818315,0.6234898,1.0
1335,1.0857143,0.0,0.78,-0.7163019,0.69779044,-0.7818315,0.6234898,1.0
1336,1.0,0.0,0.85,-0.7163019,0.69779044,-0.7818315,0.6234898,1.0
1337,0.0,0.0,0.0,0.0,0.0,0.0,0.0,0.0
1338,1.0,0.0,0.7,-0.7163019,0.69779044,-0.7818315,0.6234898,1.0
1339,0.93750006,0.07,0.89,-0.7163019,0.69779044,-0.7818315,0.6234898,1.0
1340,0.84000003,0.14,0.82,-0.7163019,0.69779044,-0.7818315,0.6234898,1.0
1341,1.1621622,0.0,0.93,-0.7163019,0.69779044,-0.7818315,0.6234898,1.0
1342,1.02,0.0,0.82,-0.7163019,0.69779044,-0.7818315,0.6234898,1.0
1343,1.14,0.0,0.7,-0.7163019,0.69779044,-0.7818315,0.6234898,1.0
1344,0.77500004,0.14,0.84,-0.7163019,0.69779044,-0.7818315,0.6234898,1.0
1345,1.0970874,0.0,0.99,-0.7163019,0.69779044,-0.7818315,0.6234898,1.0
1346,1.3800001,0.0,0.89,-0.7163019,0.69779044,-0.7818315,0.6234898,1.0
1347,0.44444448,0.39,0.99,-0.7163019,0.69779044,-0.7818315,0.6234898,1.0
1348,0.7,0.18,0.75,-0.7163019,0.69779044,-0.7818315,0.6234898,1.0
1349,0.0,0.0,0.0,0.0,0.0,0.0,0.0,0.0
1350,0.8611112,0.06,0.9,-0.7163019,0.69779044,-0.7818315,0.6234898,1.0
1351,0.0,0.0,0.0,0.0,0.0,0.0,0.0,0.0
1352,0.96000004,0.03,0.7,-0.7163019,0.69779044,-0.7818315,0.6234898,1.0
1353,0.86666673,0.12,0.82,-0.7163019,0.69779044,-0.7818315,0.6234898,1.0
1354,1.0,0.0,0.7,-0.7163019,0.69779044,-0.7818315,0.6234898,1.0
1355,0.0,0.0,0.0,0.0,0.0,0.0,0.0,0.0
1356,0.8285714,0.15,0.78,-0.7163019,0.69779044,-0.7818315,0.6234898,1.0
1357,0.0,0.0,0.0,0.0,0.0,0.0,0.0,0.0
1358,0.755102,0.21,0.97,-0.7163019,0.69779044,-0.7818315,0.6234898,1.0
1359,0.8478261,0.12,0.89,-0.7163019,0.69779044,-0.7818315,0.6234898,1.0
1360,0.8125,0.16,0.7,-0.7163019,0.69779044,-0.7818315,0.6234898,1.0
1361,0.0,0.0,0.0,0.0,0.0,0.0,0.0,0.0
1362,0.0,0.0,0.0,0.0,0.0,0.0,0.0,0.0
1363,0.9666665,0.03,0.7,-0.7163019,0.69779044,-0.7818315,0.6234898,1.0
1364,0.0,0.0,0.0,0.0,0.0,0.0,0.0,0.0
1365,1.0400001,0.0,0.85,-0.7163019,0.69779044,-0.7818315,0.6234898,1.0
1366,0.9800001,0.02,0.88,-0.7163019,0.69779044,-0.7818315,0.6234898,1.0
1367,0.0,0.0,0.0,0.0,0.0,0.0,0.0,0.0
1368,0.0,0.0,0.0,0.0,0.0,0.0,0.0,0.0
1369,1.2,0.0,0.98,-0.7163019,0.69779044,-0.7818315,0.6234898,1.0
1370,0.0,0.0,0.0,0.0,0.0,0.0,0.0,0.0
1371,0.8478261,0.14,0.8,-0.7163019,0.69779044,-0.7818315,0.6234898,1.0
1372,0.74,0.23,0.7,-0.7163019,0.69779044,-0.7818315,0.6234898,1.0
1373,0.84375,0.06,0.79,-0.7163019,0.69779044,-0.7818315,0.6234898,1.0
1374,0.5555556,0.29,0.99,-0.7163019,0.69779044,-0.7818315,0.6234898,1.0
1375,0.65217394,0.31,0.7,-0.7163019,0.69779044,-0.7818315,0.6234898,1.0
1376,0.8461538,0.13,0.7,-0.7163019,0.69779044,-0.7818315,0.6234898,1.0
1377,0.9285714,0.0,0.76,-0.7163019,0.69779044,-0.7818315,0.6234898,1.0
1378,1.0,0.0,0.7,-0.7163019,0.69779044,-0.7818315,0.6234898,1.0
1379,0.39999998,0.39,0.98,-0.7163019,0.69779044,-0.7818315,0.6234898,1.0
1380,0.7777778,0.05,0.71,-0.7163019,0.69779044,-0.7818315,0.6234898,1.0
1381,0.3333333,0.51,0.99,-0.7163019,0.69779044,-0.7818315,0.6234898,1.0
1382,0.8333334,0.15,0.75,-0.7163019,0.69779044,-0.7818315,0.6234898,1.0
1383,0.7941176,0.1,0.88,-0.7163019,0.69779044,-0.7818315,0.6234898,1.0
1384,1.4999999,0.0,0.72,-0.7163019,0.69779044,-0.7818315,0.6234898,1.0
1385,1.0882353,0.0,0.85,-0.7163019,0.69779044,-0.7818315,0.6234898,1.0
1386,0.0,0.0,0.0,0.0,0.0,0.0,0.0,0.0
1387,1.0666666,0.0,0.81,-0.7163019,0.69779044,-0.7818315,0.6234898,1.0
1388,0.97142863,0.02,0.7,-0.7163019,0.69779044,-0.7818315,0.6234898,1.0
1389,0.91176474,0.08,0.93,-0.7163019,0.69779044,-0.7818315,0.6234898,1.0
1390,0.0,0.0,0.0,0.0,0.0,0.0,0.0,0.0
1391,0.6875,0.19,0.79,-0.7163019,0.69779044,-0.7818315,0.6234898,1.0
1392,0.0,0.0,0.0,0.0,0.0,0.0,0.0,0.0
1393,0.68,0.18,0.83,-0.7163019,0.69779044,-0.7818315,0.6234898,1.0
1394,0.0,0.0,0.0,0.0,0.0,0.0,0.0,0.0
1395,1.16,0.0,0.95,-0.7163019,0.69779044,-0.7818315,0.6234898,1.0
1396,1.1481483,0.0,0.92,-0.7163019,0.69779044,-0.7818315,0.6234898,1.0
1397,1.3023256,0.0,0.93,-0.7163019,0.69779044,-0.7818315,0.6234898,1.0
1398,0.82352936,0.08,0.76,-0.7163019,0.69779044,-0.7818315,0.6234898,1.0
1399,1.1428571,0.0,0.94,-0.7163019,0.69779044,-0.7818315,0.6234898,1.0
1400,0.7777778,0.12,0.98,-0.7163019,0.69779044,-0.7818315,0.6234898,1.0
1401,0.81395346,0.15,0.78,-0.7163019,0.69779044,-0.7818315,0.6234898,1.0
1402,1.1666665,0.0,0.99,-0.7163019,0.69779044,-0.7818315,0.6234898,1.0
1403,0.0,0.0,0.0,0.0,0.0,0.0,0.0,0.0
1404,1.16,0.0,0.94,-0.7163019,0.69779044,-0.7818315,0.6234898,1.0
1405,0.0,0.0,0.0,0.0,0.0,0.0,0.0,0.0
1406,0.74999994,0.22,0.81,-0.7163019,0.69779044,-0.7818315,0.6234898,1.0
1407,0.8518519,0.02,0.94,-0.7163019,0.69779044,-0.7818315,0.6234898,1.0
1408,0.6458334,0.26,0.82,-0.7163019,0.69779044,-0.7818315,0.6234898,1.0
1409,0.6170212,0.27,0.88,-0.7163019,0.69779044,-0.7818315,0.6234898,1.0
1410,0.68181825,0.28,0.7,-0.7163019,0.69779044,-0.7818315,0.6234898,1.0
1411,0.78787875,0.18,0.7,-0.7163019,0.69779044,-0.7818315,0.6234898,1.0
1412,0.8000001,0.17,0.75,-0.7163019,0.69779044,-0.7818315,0.6234898,1.0
1413,1.0,0.0,0.7,-0.7163019,0.69779044,-0.7818315,0.6234898,1.0
1414,0.8333334,0.14,0.7,-0.7163019,0.69779044,-0.7818315,0.6234898,1.0
1415,1.0,0.0,0.7,-0.7163019,0.69779044,-0.7818315,0.6234898,1.0
1416,1.0400001,0.0,0.99,-0.7163019,0.69779044,-0.7818315,0.6234898,1.0
1417,0.0,0.0,0.0,0.0,0.0,0.0,0.0,0.0
1418,0.6190476,0.27,0.96,-0.7163019,0.69779044,-0.7818315,0.6234898,1.0
1419,0.0,0.0,0.0,0.0,0.0,0.0,0.0,0.0
1420,0.9666665,0.0,0.98,-0.7163019,0.69779044,-0.7818315,0.6234898,1.0
1421,0.84999996,0.0,0.8,-0.7163019,0.69779044,-0.7818315,0.6234898,1.0
1422,1.0,0.0,0.7,-0.7163019,0.69779044,-0.7818315,0.6234898,1.0
1423,0.923077,0.06,0.7,-0.7163019,0.69779044,-0.7818315,0.6234898,1.0
1424,0.71999997,0.24,0.78,-0.7163019,0.69779044,-0.7818315,0.6234898,1.0
1425,0.7297297,0.16,0.83,-0.7163019,0.69779044,-0.7818315,0.6234898,1.0
1426,1.0,0.0,0.7,-0.7163019,0.69779044,-0.7818315,0.6234898,1.0
1427,1.0,0.0,0.7,-0.7163019,0.69779044,-0.7818315,0.6234898,1.0
1428,1.0,0.0,0.77,-0.7163019,0.69779044,-0.7818315,0.6234898,1.0
1429,0.0,0.0,0.0,0.0,0.0,0.0,0.0,0.0
1430,0.0,0.0,0.0,0.0,0.0,0.0,0.0,0.0
1431,0.875,0.01,0.99,-0.7163019,0.69779044,-0.7818315,0.6234898,1.0
1432,0.0,0.0,0.0,0.0,0.0,0.0,0.0,0.0
1433,0.9111111,0.08,0.92,-0.7163019,0.69779044,-0.7818315,0.6234898,1.0
1434,0.9666665,0.02,0.91,-0.7163019,0.69779044,-0.7818315,0.6234898,1.0
1435,0.0,0.0,0.0,0.0,0.0,0.0,0.0,0.0
1436,0.78571427,0.0,0.71,-0.7163019,0.69779044,-0.7818315,0.6234898,1.0
1437,0.724138,0.15,0.81,-0.7163019,0.69779044,-0.7818315,0.6234898,1.0
1438,1.0,0.0,0.7,-0.7163019,0.69779044,-0.7818315,0.6234898,1.0
1439,0.63414633,0.31,0.91,-0.7163019,0.69779044,-0.7818315,0.6234898,1.0
1440,0.6875,0.18,0.98,-0.7163019,0.69779044,-0.7818315,0.6234898,1.0
1441,0.0,0.0,0.0,0.0,0.0,0.0,0.0,0.0
1442,0.9666665,0.03,0.7,-0.7163019,0.69779044,-0.7818315,0.6234898,1.0
1443,0.5813953,0.36,0.95,-0.7163019,0.69779044,-0.7818315,0.6234898,1.0
1444,0.82352936,0.08,0.78,-0.7163019,0.69779044,-0.7818315,0.6234898,1.0
1445,0.0,0.0,0.0,0.0,0.0,0.0,0.0,0.0
1446,0.0,0.0,0.0,0.0,0.0,0.0,0.0,0.0
1447,0.0,0.0,0.0,0.0,0.0,0.0,0.0,0.0
1448,0.7058824,0.17,0.88,-0.7163019,0.69779044,-0.7818315,0.6234898,1.0
1449,0.8780488,0.12,0.91,-0.7163019,0.69779044,-0.7818315,0.6234898,1.0
1450,0.82,0.16,0.7,-0.7163019,0.69779044,-0.7818315,0.6234898,1.0
1451,0.0,0.0,0.0,0.0,0.0,0.0,0.0,0.0
1452,1.6666665,0.0,0.93,-0.7163019,0.69779044,-0.7818315,0.6234898,1.0
1453,0.8000001,0.18,0.99,-0.7163019,0.69779044,-0.7818315,0.6234898,1.0
1454,0.81081086,0.09,0.86,-0.7163019,0.69779044,-0.7818315,0.6234898,1.0
1455,1.0,0.0,0.91,-0.7163019,0.69779044,-0.7818315,0.6234898,1.0
1456,0.0,0.0,0.0,0.0,0.0,0.0,0.0,0.0
1457,1.03125,0.0,0.7,-0.7163019,0.69779044,-0.7818315,0.6234898,1.0
1458,0.0,0.0,0.0,0.0,0.0,0.0,0.0,0.0
1459,0.86363643,0.12,0.98,-0.7163019,0.69779044,-0.7818315,0.6234898,1.0
1460,0.55813956,0.32,0.8,-0.7163019,0.69779044,-0.7818315,0.6234898,1.0
1461,0.0,0.0,0.0,0.0,0.0,0.0,0.0,0.0
1462,0.85714287,0.0,0.73,-0.7163019,0.69779044,-0.7818315,0.6234898,1.0
